ID,desc::Transcription,Function_x,Function_y,Overlap,Nonlexical,Words,Multiunit,Repeat,Syllables,desc::Duration,desc::Ignore
D01_01BF47_52,già,ag,ag,0,0,1,0,0,1,0.26,S
D01_02BF47_156,esatto,ag,ag,1,0,1,0,0,3,0.71,L
D01_02BF47_158,eh,ag,ag,1,1,1,0,0,1,0.23,N
D01_02BF47_160,esatto,ag,ag,0,0,1,0,0,3,0.55,L
D01_02BF47_202,esatto,ag,ag,1,0,1,0,0,3,0.99,L
D01_02BF47_248,eh sì,ag,ag,0,2,2,1,0,2,0.72,NS
D02_03BM59_24,sì sì quello sicuramente,ag,ag,1,0,3,1,1,4,1.46,SRL
D02_03BM59_4,esatto,ag,ag,1,0,1,0,0,3,0.63,L
D02_03BM59_16,sì,ag,ag,1,0,1,0,0,1,0.3,S
D02_03BM59_22,sì,ag,ag,0,0,1,0,0,1,0.63,S
D02_03BM59_98,mh sì sì,ag,ag,1,2,3,1,1,3,0.88,NSR
D02_03BM59_32,sì,ag,ag,1,0,1,0,0,1,0.3,S
D02_03BM59_34,sì,ag,ag,0,0,1,0,0,1,0.3,S
D02_03BM59_38,sì,ag,ag,1,0,1,0,0,1,0.26,S
D02_03BM59_54,sì ,ag,ag,1,0,1,0,0,1,0.41,S
D02_03BM59_74,esatto,ag,ag,1,0,1,0,0,3,0.49,L
D02_03BM59_82,esatto,ag,ag,1,0,1,0,0,3,0.67,L
D02_03BM59_84,sì,ag,ag,1,0,1,0,0,1,0.25,S
D02_04BM56_34,eh sì,ag,ag,1,2,2,1,0,2,0.53,NS
D02_04BM56_42,sì sì,ag,ag,1,0,2,1,1,2,1.31,SR
D02_03BM59_88,esatto,ag,ag,1,0,1,0,0,3,0.51,L
D02_03BM59_100,sì,ag,ag,1,0,1,0,0,1,0.35,S
D02_03BM59_104,no,ag,ag,0,0,1,0,0,1,0.21,S
D02_04BM56_44,no no comunque sì ,ag,ag,1,0,4,1,1,6,1.4,SRLS
D02_03BM59_112,sì,ag,ag,1,0,1,0,0,1,0.3,S
D02_03BM59_116,sì,ag,ag,1,0,1,0,0,1,0.26,S
D02_04BM56_184,certo,ag,ag,1,0,1,0,0,2,0.55,L
D02_04BM56_290,sì,ag,ag,1,0,1,0,0,1,0.48,S
D04_07BF55_30,esatto,ag,ag,1,0,1,0,0,3,0.54,L
D04_07BF55_34,esatto,ag,ag,1,0,1,0,0,3,0.7,L
D04_07BF55_36,eh,ag,ag,1,1,1,0,0,1,0.2,N
D04_07BF55_38,eh,ag,ag,1,1,1,0,0,1,0.18,N
D04_07BF55_122,sì,ag,ag,1,0,1,0,0,1,0.57,S
D04_08BF55_48,no,ag,ag,1,0,1,0,0,1,0.75,S
D04_08BF55_66,sì,ag,ag,1,0,1,0,0,1,0.29,S
D04_08BF55_84,eh,ag,ag,1,1,1,0,0,1,0.17,N
D02_04BM56_90,sì sì,ag,ag,0,0,2,1,1,2,0.89,SR
D02_04BM56_112,no no,ag,ag,1,0,2,1,1,2,0.32,SR
D04_08BF55_168,sì,ag,ag,0,0,1,0,0,1,0.32,S
D02_04BM56_142,mh sì sì beh,ag,ag,1,2,4,1,1,4,1.27,NSRN
D04_08BF55_242,sì,ag,ag,1,0,1,0,0,1,0.34,S
D08_15BM22_70,sì,ag,ag,1,0,1,0,0,1,0.55,S
D12_23LM30_70,no,ag,ag,1,0,1,0,0,1,0.76,S
D12_24LF27_12,eh,ag,ag,0,1,1,0,0,1,0.14,N
D12_24LF27_82,sì,ag,ag,1,0,1,0,0,1,0.25,S
D12_24LF27_86,è vero,ag,ag,0,0,1,0,0,3,0.4,L
D13_25LF23_102,esatto,ag,ag,1,0,1,0,0,3,0.61,L
D15_30BM23_26,sì,ag,ag,1,0,1,0,0,1,0.16,S
D02_04BM56_156,sì sì sì,ag,ag,1,0,3,1,1,3,0.86,SRR
D15_30BM23_44,sì,ag,ag,1,0,1,0,0,1,0.46,S
D02_04BM56_168,eh certo,ag,ag,1,2,2,1,0,3,0.63,NL
D02_04BM56_186,sì sì sì certo,ag,ag,1,0,4,1,1,5,1.07,SRRL
D02_04BM56_122,eheh,as,as,1,1,1,0,0,2,0.36,N
D02_04BM56_196,sì sì,ag,ag,0,0,2,1,1,2,0.64,SR
D02_04BM56_258,mhmh,as,as,1,1,1,0,0,2,0.45,N
D04_07BF55_32,eheh,as,as,1,1,1,0,0,2,0.23,N
D04_07BF55_44,eh,as,as,1,1,1,0,0,1,0.28,N
D04_07BF55_134,ah,as,as,1,1,1,0,0,1,0.14,N
D04_07BF55_138,ah ,as,as,1,1,1,0,0,1,0.87,N
D04_08BF55_32,ah,as,as,1,1,1,0,0,1,0.51,N
D04_08BF55_72,eh,as,as,1,1,1,0,0,1,0.16,N
D05_10BF52_16,pensa,as,as,1,0,1,0,0,2,0.4,L
D06_11LF28_42,ah,as,as,0,1,1,0,0,1,0.3,N
D06_11LF28_46,ah,as,as,1,1,1,0,0,1,0.89,N
D06_11LF28_58,eh,as,as,1,1,1,0,0,1,0.16,N
D08_15BM22_118,eh,as,as,0,1,1,0,0,1,0.29,N
D08_16BF22_14,ah,as,as,1,1,1,0,0,1,0.18,N
D08_16BF22_72,ah,as,as,1,1,1,0,0,1,0.61,N
D08_16BF22_90,dai,as,as,0,0,1,0,0,1,0.31,S
D13_25LF23_178,cavoli,as,as,1,0,1,0,0,3,0.63,L
D01_01BF47_10,eh,co,co,1,1,1,0,0,1,0.34,N
D01_01BF47_14,mhmh,co,co,0,1,1,0,0,2,0.42,N
D01_02BF47_6,no,co,co,1,0,1,0,0,1,0.2,S
D02_04BM56_206,no no,ag,ag,1,0,2,1,1,2,0.3,SR
D01_02BF47_8,eh,co,co,1,1,1,0,0,1,0.29,N
D01_02BF47_10,eh,co,co,1,1,1,0,0,1,0.22,N
D01_02BF47_20,ah,co,co,1,1,1,0,0,1,0.21,N
D01_02BF47_22,mh,co,co,0,1,1,0,0,1,0.28,N
D02_04BM56_208,sì sì sì sì,ag,ag,1,0,4,1,1,4,1.51,SRRR
D01_02BF47_24,sì,co,co,1,0,1,0,0,1,0.29,S
D02_04BM56_234,sì sì sì,ag,ag,0,0,3,1,1,3,0.58,SRR
D01_02BF47_30,mh,co,co,0,1,1,0,0,1,0.22,N
D01_02BF47_32,mhmh,co,co,1,1,1,0,0,1,0.26,N
D02_04BM56_292,ah no,ag,ag,1,2,2,1,0,2,0.48,NS
D01_02BF47_34,mhmh,co,co,0,1,1,0,0,2,0.31,N
D01_02BF47_40,mhmh,co,co,0,1,1,0,0,2,0.27,N
D01_02BF47_42,mhmh,co,co,0,1,1,0,0,2,0.3,N
D01_02BF47_48,mhmh,co,co,0,1,1,0,0,2,0.41,N
D01_02BF47_50,mh,co,co,0,1,1,0,0,1,0.26,N
D04_07BF55_24,sì certo,ag,ag,1,0,2,1,0,3,0.7,SL
D01_02BF47_52,eh,co,co,1,1,1,0,0,1,0.25,N
D01_02BF47_54,mh,co,co,0,1,1,0,0,1,0.3,N
D01_02BF47_56,eh,co,co,0,1,1,0,0,1,0.31,N
D01_02BF47_58,sì,co,co,0,0,1,0,0,1,0.4,S
D01_02BF47_64,eh,co,co,0,1,1,0,0,1,0.27,N
D01_02BF47_68,mh,co,co,1,1,1,0,0,1,0.35,N
D01_02BF47_70,mh,co,co,1,1,1,0,0,1,0.41,N
D01_02BF47_76,mh,co,co,1,1,1,0,0,1,0.59,N
D04_07BF55_84,eh esatto,ag,ag,1,2,2,1,0,4,0.24,NL
D04_07BF55_96,eh sì,ag,ag,1,2,2,1,0,2,0.43,NS
D01_02BF47_78,mh,co,co,0,1,1,0,0,1,0.36,N
D01_02BF47_80,ah,co,co,0,1,1,0,0,1,0.52,N
D04_07BF55_98,sì è vero,ag,ag,1,0,2,1,0,4,0.74,SL
D01_02BF47_82,ma dai,co,co,0,0,1,0,0,2,0.47,L
D04_08BF55_36,sì sì,ag,ag,1,0,2,1,1,2,0.55,SR
D01_02BF47_84,mhmh,co,co,0,1,1,0,0,2,0.38,N
D01_02BF47_88,mhmh,co,co,1,1,1,0,0,2,0.43,N
D01_02BF47_96,mh,co,co,0,1,1,0,0,1,0.24,N
D01_02BF47_100,ah,co,co,1,1,1,0,0,1,0.27,N
D01_02BF47_106,mh,co,co,0,1,1,0,0,1,0.32,N
D01_02BF47_116,ah,co,co,0,1,1,0,0,1,0.23,N
D04_08BF55_64,ah sì,ag,ag,1,2,2,1,0,2,0.59,NS
D01_02BF47_120,mh,co,co,0,1,1,0,0,1,0.19,N
D01_02BF47_122,mh,co,co,0,1,1,0,0,1,0.19,N
D01_02BF47_124,mh,co,co,0,1,1,0,0,1,0.31,N
D01_02BF47_126,mh,co,co,0,1,1,0,0,1,0.26,N
D01_02BF47_128,mh,co,co,0,1,1,0,0,1,0.31,N
D01_02BF47_130,ah,co,co,1,1,1,0,0,1,0.3,N
D04_08BF55_68,sì sì sì sì sì,ag,ag,1,0,5,1,1,5,1.23,SRRRR
D01_02BF47_134,mhmh,co,co,0,1,1,0,0,2,0.4,N
D01_02BF47_136,mhmh,co,co,1,1,1,0,0,2,0.3,N
D01_02BF47_138,mh,co,co,0,1,1,0,0,1,0.35,N
D01_02BF47_140,mh,co,co,0,1,1,0,0,1,0.28,N
D01_02BF47_142,mhmh,co,co,0,1,1,0,0,2,0.42,N
D01_02BF47_144,mhmh,co,co,1,1,1,0,0,2,0.29,N
D01_02BF47_148,sì,co,co,0,0,1,0,0,1,0.4,S
D04_08BF55_128,eh beh certo,ag,ag,1,2,3,1,0,4,0.78,NNL
D01_02BF47_154,mh,co,co,1,1,1,0,0,1,0.38,N
D01_02BF47_164,mhmh,co,co,1,1,1,0,0,2,0.37,N
D01_02BF47_170,mhmh,co,co,0,1,1,0,0,2,0.38,N
D01_02BF47_178,mhmh,co,co,1,1,1,0,0,2,1.03,N
D04_08BF55_174,no no no no infatti,ag,ag,1,0,5,1,1,7,1.46,SRRRL
D01_02BF47_180,mhmh,co,co,1,1,1,0,0,2,0.37,N
D01_02BF47_184,ah,co,co,1,1,1,0,0,1,0.34,N
D04_08BF55_176,ma no infatti,ag,ag,1,0,3,1,0,5,1.38,SSL
D01_02BF47_188,mhmh,co,co,0,1,1,0,0,2,0.24,N
D01_02BF47_192,ah,co,co,0,1,1,0,0,1,0.26,N
D01_02BF47_194,eh,co,co,1,1,1,0,0,1,0.23,N
D01_02BF47_196,sì,co,co,0,0,1,0,0,1,0.28,S
D01_02BF47_198,mhmh,co,co,0,1,1,0,0,2,0.35,N
D01_02BF47_204,mh,co,co,0,1,1,0,0,1,0.24,N
D01_02BF47_206,eh,co,co,1,1,1,0,0,1,0.33,N
D01_02BF47_212,mh,co,co,0,1,1,0,0,1,0.32,N
D01_02BF47_214,mhmh,co,co,0,1,1,0,0,2,0.29,N
D01_02BF47_218,mhmh,co,co,1,1,1,0,0,2,0.42,N
D01_02BF47_222,mhmh,co,co,1,1,1,0,0,2,0.34,N
D01_02BF47_224,mhmh,co,co,0,1,1,0,0,2,0.33,N
D01_02BF47_230,mh,co,co,0,1,1,0,0,1,0.38,N
D01_02BF47_232,mhmh,co,co,1,1,1,0,0,2,0.43,N
D04_08BF55_178,ma no,ag,ag,1,0,2,1,0,2,0.58,SS
D01_02BF47_240,mh,co,co,1,1,1,0,0,1,0.22,N
D01_02BF47_250,mhmh,co,co,0,1,1,0,0,2,0.33,N
D01_02BF47_252,eh,co,co,1,1,1,0,0,1,0.31,N
D01_02BF47_254,mh,co,co,1,1,1,0,0,1,0.3,N
D01_02BF47_256,mhmh,co,co,1,1,1,0,0,2,0.43,N
D04_08BF55_182,no no,ag,ag,0,0,2,1,1,2,0.4,SR
D01_02BF47_258,mh,co,co,0,1,1,0,0,1,0.26,N
D04_08BF55_198,sì sì sì sì sì sì,ag,ag,1,0,6,1,1,6,1.34,SRRRRR
D01_02BF47_260,mhmh,co,co,0,1,1,0,0,2,0.37,N
D01_02BF47_262,mhmh,co,co,0,1,1,0,0,2,0.36,N
D01_02BF47_266,mhmh,co,co,0,1,1,0,0,2,0.3,N
D01_02BF47_268,mh,co,co,0,1,1,0,0,1,0.27,N
D01_02BF47_270,mhmh,co,co,0,1,1,0,0,2,0.31,N
D01_02BF47_272,ah,co,co,0,1,1,0,0,1,0.26,N
D01_02BF47_278,mhmh,co,co,1,1,1,0,0,2,0.39,N
D04_08BF55_220,e certo,ag,ag,0,0,2,1,0,3,0.62,CL
D01_02BF47_280,mhmh,co,co,0,1,1,0,0,2,0.29,N
D01_02BF47_288,eh,co,co,1,1,1,0,0,1,0.24,N
D01_02BF47_290,mh,co,co,0,1,1,0,0,1,0.16,N
D01_02BF47_298,ah,co,co,0,1,1,0,0,1,0.27,N
D01_02BF47_300,mhmh,co,co,0,1,1,0,0,2,0.32,N
D02_03BM59_6,mh,co,co,1,1,1,0,0,1,0.32,N
D02_03BM59_10,mh,co,co,1,1,1,0,0,1,0.18,N
D04_08BF55_244,no no no no,ag,ag,1,0,4,1,1,4,0.84,SRRR
D02_03BM59_56,eh,co,co,1,1,1,0,0,1,0.14,N
D02_03BM59_64,mh,co,co,1,1,1,0,0,1,0.29,N
D02_03BM59_76,eh,co,co,1,1,1,0,0,1,0.14,N
D02_03BM59_78,mh,co,co,1,1,1,0,0,1,0.2,N
D08_15BM22_74,sì sì certo,ag,ag,1,0,3,1,1,4,0.83,SRL
D02_03BM59_80,eh,co,co,1,1,1,0,0,1,0.21,N
D02_03BM59_102,mh,co,co,1,1,1,0,0,1,0.21,N
D02_03BM59_106,eh,co,co,1,1,1,0,0,1,0.29,N
D02_03BM59_108,eh,co,co,1,1,1,0,0,1,0.19,N
D02_03BM59_114,mh,co,co,0,1,1,0,0,1,0.17,N
D02_04BM56_2,ah,co,co,1,1,1,0,0,1,0.28,N
D02_04BM56_18,mhmh,co,co,1,1,1,0,0,2,0.41,N
D02_04BM56_20,eh,co,co,1,1,1,0,0,1,0.39,N
D02_04BM56_22,eh,co,co,0,1,1,0,0,1,0.13,N
D02_04BM56_32,mh,co,co,1,1,1,0,0,1,0.34,N
D02_04BM56_54,mh,co,co,1,1,1,0,0,1,0.34,N
D02_04BM56_86,mhmh,co,co,1,1,1,0,0,2,0.42,N
D02_04BM56_96,mhmh,co,co,1,1,1,0,0,2,0.45,N
D08_15BM22_96,sì sì ovvio,ag,ag,1,0,3,1,1,4,0.74,SRL
D02_04BM56_104,mhmh,co,co,0,1,1,0,0,2,0.42,N
D02_04BM56_110,mhmh,co,co,1,1,1,0,0,2,0.35,N
D02_04BM56_124,mh,co,co,1,1,1,0,0,1,0.24,N
D02_04BM56_130,mh,co,co,1,1,1,0,0,1,0.32,N
D02_04BM56_136,mhmh,co,co,1,1,1,0,0,2,0.37,N
D02_04BM56_154,mh,co,co,1,1,1,0,0,1,0.76,N
D02_04BM56_162,mh,co,co,1,1,1,0,0,1,0.35,N
D02_04BM56_164,mh,co,co,1,1,1,0,0,1,0.39,N
D02_04BM56_198,mhmh,co,co,0,1,1,0,0,2,0.36,N
D12_24LF27_84,sì sì sì,ag,ag,1,0,3,1,1,3,0.5,SRR
D02_04BM56_200,mhmh,co,co,0,1,1,0,0,2,0.3,N
D02_04BM56_202,mhmh,co,co,1,1,1,0,0,2,0.4,N
D13_25LF23_154,decisamente certo certo certo,ag,ag,1,0,4,1,1,9,2.12,LLRR
D02_04BM56_204,mh,co,co,1,1,1,0,0,1,0.34,N
D02_04BM56_214,mh,co,co,1,1,1,0,0,1,0.34,N
D13_26BF24_104,sì quello sì,ag,ag,1,0,3,1,0,4,0.77,SLS
D15_29BF21_172,eh infatti,ag,ag,1,2,2,1,0,4,0.68,NL
D15_30BM23_18,eh sì,ag,ag,1,2,2,1,0,2,0.36,NS
D02_04BM56_216,mhmh,co,co,1,1,1,0,0,2,0.67,N
D08_15BM22_108,eh esatto,ag,ag,0,2,2,1,0,4,0.64,NL
D06_11LF28_30,ah beh,as,as,1,1,2,1,0,2,0.43,NN
D02_04BM56_242,mhmh,co,co,1,1,1,0,0,2,0.4,N
D02_04BM56_268,mh,co,co,1,1,1,0,0,1,0.39,N
D02_04BM56_276,mhmh,co,co,0,1,1,0,0,2,0.35,N
D06_11LF28_40,eh va beh,as,as,0,1,2,1,0,3,0.98,NN
D06_11LF28_48,ah ok ok,as,as,1,2,3,1,1,5,0.97,NLR
D02_04BM56_288,eh,co,co,1,1,1,0,0,1,0.78,N
D02_04BM56_296,mh,co,co,1,1,1,0,0,1,0.32,N
D02_04BM56_298,ah,co,co,1,1,1,0,0,1,0.27,N
D06_12LF30_62,no dai,as,as,1,0,2,1,0,2,0.99,SS
D02_04BM56_300,mh,co,co,1,1,1,0,0,1,0.31,N
D08_15BM22_94,eh oh,as,as,1,1,2,1,0,2,0.31,NN
D04_07BF55_2,mhmh,co,co,1,1,1,0,0,2,0.47,N
D01_02BF47_18,ah ok,co,co,1,2,2,1,0,3,0.84,NL
D01_02BF47_26,mhmh mhmh,co,co,1,1,2,1,1,4,0.77,NR
D04_07BF55_6,mh,co,co,0,1,1,0,0,1,0.21,N
D01_02BF47_60,ah ok,co,co,1,2,2,1,0,3,0.71,NL
D01_02BF47_62,ahah,co,co,1,2,2,1,0,2,0.39,NL
D01_02BF47_86,mhmh mhmh,co,co,1,1,2,1,1,4,0.69,NR
D04_07BF55_12,sì,co,co,1,0,1,0,0,1,0.27,S
D01_02BF47_90,mhmh mhmh,co,co,1,1,2,1,1,4,1.01,NR
D01_02BF47_92,mhmh mhmh,co,co,0,1,2,1,1,4,0.79,NR
D04_07BF55_16,lo so,co,co,1,0,1,0,0,2,0.48,L
D04_07BF55_20,eh,co,co,1,1,1,0,0,1,0.49,N
D01_02BF47_174,ah sì,co,co,0,2,2,1,0,2,0.45,NS
D04_07BF55_28,lo so,co,co,1,0,1,0,0,2,0.33,L
D04_07BF55_52,eh,co,co,1,1,1,0,0,1,0.17,N
D04_07BF55_56,ah,co,co,1,1,1,0,0,1,0.22,N
D01_02BF47_190,mhmh mhmh,co,co,1,1,2,1,1,4,0.78,NR
D01_02BF47_208,ah sì,co,co,1,2,2,1,0,2,0.64,NS
D01_02BF47_220,mhmh mhmh,co,co,1,1,2,1,0,4,0.66,NN
D04_07BF55_60,mhmh,co,co,0,1,1,0,0,2,0.4,N
D01_02BF47_234,mhmh mhmh,co,co,1,1,2,1,1,4,0.72,NR
D04_07BF55_62,mhmh,co,co,1,1,1,0,0,2,0.34,N
D01_02BF47_264,mhmh mhmh,co,co,1,1,2,1,1,4,0.68,NR
D04_07BF55_64,mhmh,co,co,1,1,1,0,0,2,0.29,N
D01_02BF47_276,mhmh mhmh,co,co,1,1,2,1,1,4,0.6,NR
D02_04BM56_146,eh beh,co,co,1,1,2,1,0,2,0.75,NN
D02_04BM56_224,sì sì,co,co,1,0,2,1,1,2,0.4,SR
D04_07BF55_4,eh lo so mh,co,co,1,2,3,1,0,4,0.98,NLN
D04_07BF55_72,mh,co,co,1,1,1,0,0,1,0.33,N
D04_07BF55_78,mhmh,co,co,1,1,1,0,0,2,0.45,N
D04_07BF55_82,mh,co,co,1,1,1,0,0,1,0.86,N
D04_07BF55_18,eh lo so,co,co,1,2,2,1,0,3,0.4,NL
D04_07BF55_86,mh,co,co,1,1,1,0,0,1,0.29,N
D04_07BF55_22,no lo so lo so,co,co,1,0,3,1,0,5,1.24,SLL
D04_07BF55_88,mh,co,co,1,1,1,0,0,1,1.77,N
D04_07BF55_26,eh lo so,co,co,1,2,3,1,0,3,0.52,NL
D04_07BF55_58,sì beh certo,co,co,1,2,3,1,0,4,0.76,SNL
D04_07BF55_100,mh,co,co,1,1,1,0,0,1,0.23,N
D04_07BF55_68,sì sì sì,co,co,1,0,3,1,1,3,2.34,SRR
D04_07BF55_102,mh,co,co,1,1,1,0,0,1,0.21,N
D04_07BF55_104,mh,co,co,1,1,1,0,0,1,0.25,N
D04_07BF55_106,mh,co,co,1,1,1,0,0,1,0.2,N
D04_07BF55_110,mh,co,co,1,1,1,0,0,1,0.17,N
D04_07BF55_114,mhmh,co,co,1,1,1,0,0,2,0.27,N
D04_07BF55_116,mh,co,co,1,1,1,0,0,1,0.22,N
D04_07BF55_118,mh,co,co,0,1,1,0,0,1,0.13,N
D04_07BF55_70,sì sì certo sì sì sì sì,co,co,1,0,7,1,1,8,0.28,SRLSRRR
D04_07BF55_120,eh sì,co,co,1,2,2,1,0,2,0.54,NS
D04_07BF55_124,sì,co,co,1,0,1,0,0,1,0.47,S
D04_07BF55_140,ah beh sì certo,co,co,1,2,5,1,1,5,0.74,NRNSL
D04_07BF55_126,mh,co,co,1,1,1,0,0,1,0.42,N
D04_07BF55_144,sì sì,co,co,0,0,2,1,1,2,0.36,SR
D04_08BF55_6,ok,co,co,1,0,3,1,1,2,0.49,LSR
D04_08BF55_30,eh lo so,co,co,1,2,2,1,0,3,0.62,NL
D04_07BF55_128,mhmh,co,co,0,1,1,0,0,2,0.36,N
D04_08BF55_40,sì sì,co,co,1,0,2,1,1,2,0.33,SR
D04_08BF55_42,eh sì sì,co,co,1,2,3,1,1,3,0.68,NSR
D04_07BF55_130,mhmh,co,co,1,1,1,0,0,2,0.37,N
D04_08BF55_44,ah sì,co,co,1,2,2,1,0,2,0.58,NS
D04_08BF55_46,sì sì,co,co,1,0,2,1,1,2,0.41,SR
D04_08BF55_92,ah ok,co,co,1,2,2,1,0,3,0.58,NL
D04_07BF55_132,mh,co,co,0,1,1,0,0,1,0.21,N
D04_07BF55_136,eh,co,co,0,1,1,0,0,1,0.15,N
D04_08BF55_98,ecco ok,co,co,1,0,2,1,0,4,1.22,LL
D04_08BF55_112,eh beh immagino,co,co,1,2,3,1,0,6,1,NNL
D04_08BF55_138,ah ok,co,co,1,2,2,1,0,3,0.62,NL
D04_08BF55_158,sì sì,co,co,1,0,2,1,1,2,0.44,SR
D04_07BF55_148,mh,co,co,0,1,1,0,0,1,0.13,N
D04_08BF55_188,sì sì,co,co,1,0,2,1,1,2,0.83,SR
D04_08BF55_202,sì sì,co,co,1,0,2,1,1,2,0.55,SR
D04_08BF55_204,eh lo so,co,co,1,2,2,1,0,3,0.6,NL
D04_07BF55_150,mhmh,co,co,1,1,1,0,0,2,0.75,N
D04_07BF55_154,mhmh,co,co,1,1,1,0,0,2,0.42,N
D04_08BF55_230,eh lo so,co,co,1,2,2,1,0,3,0.55,NL
D04_08BF55_232,eh no,co,co,1,2,2,1,0,2,0.39,NS
D04_08BF55_240,eh lo so,co,co,0,2,2,1,0,3,0.48,NL
D05_09BF52_4,sì sì,co,co,1,0,2,1,1,2,0.58,SR
D05_09BF52_6,sì sì,co,co,1,0,2,1,1,2,0.8,SR
D05_09BF52_78,eh eh,co,co,1,1,2,1,1,2,1.04,NR
D04_08BF55_8,sì,co,co,1,0,1,0,0,1,0.29,S
D04_08BF55_10,sì,co,co,1,0,1,0,0,1,0.34,S
D04_08BF55_12,eh,co,co,1,1,1,0,0,1,0.22,N
D04_08BF55_14,sì,co,co,1,0,1,0,0,1,0.31,S
D05_10BF52_82,eh eh,co,co,1,1,2,1,0,2,0.71,NN
D05_10BF52_96,sì sì sì sì,co,co,1,0,4,1,1,4,1.08,SRRR
D04_08BF55_22,mh,co,co,0,1,1,0,0,1,0.28,N
D06_11LF28_2,sì ok,co,co,1,0,2,1,0,3,1.07,SL
D04_08BF55_38,eh,co,co,1,1,1,0,0,1,0.36,N
D04_08BF55_52,mhmh,co,co,1,1,1,0,0,2,0.33,N
D06_11LF28_34,ah beh chiaro,co,co,1,2,3,1,0,4,0.95,NNL
D06_12LF30_16,sì sì sì,co,co,0,0,3,1,1,3,0.72,SRR
D06_12LF30_54,ah ok sì sì a posto,co,co,1,2,5,1,1,8,0.88,NLSRL
D08_15BM22_8,ah ok,co,co,1,2,2,1,0,3,0.48,NL
D04_08BF55_62,sì,co,co,1,0,1,0,0,1,0.36,S
D08_15BM22_24,ah ok,co,co,1,2,2,1,0,3,0.62,NL
D08_15BM22_34,ah no va beh dai,co,co,1,2,4,1,0,5,0.71,NSLS
D08_15BM22_48,eh esatto,co,co,1,2,2,1,0,4,0.65,NL
D04_08BF55_94,ah ok,co,co,1,1,1,0,0,3,0.79,N
D08_15BM22_56,eh no va beh però,co,co,0,2,3,1,0,6,0.73,NSL
D04_08BF55_96,eh,co,co,1,1,1,0,0,1,0.17,N
D04_08BF55_100,mh,co,co,0,1,1,0,0,1,0.15,N
D04_08BF55_102,mh,co,co,1,1,1,0,0,1,0.22,N
D04_08BF55_104,ah,co,co,1,1,1,0,0,1,0.22,N
D08_15BM22_66,va beh dai,co,co,1,0,2,1,0,3,0.51,LS
D08_16BF22_40,va beh dai,co,co,1,0,2,1,0,3,0.36,LS
D08_16BF22_56,eh va beh dai,co,co,0,2,3,1,0,4,0.5,NLS
D08_16BF22_144,mhmh,co,co,0,2,3,1,1,2,0.41,NLR
D11_21BM60_2,mh ah,co,co,0,1,2,1,0,2,0.46,NN
D04_08BF55_106,ok,co,co,1,0,1,0,0,2,0.43,L
D11_21BM60_16,eh sì sì,co,co,1,2,2,1,0,3,0.61,NS
D11_21BM60_54,sì sì,co,co,0,0,2,1,1,2,0.43,SR
D04_08BF55_108,sì,co,co,1,0,1,0,0,1,0.5,S
D04_08BF55_110,ok,co,co,1,0,1,0,0,2,0.49,L
D04_08BF55_130,ok,co,co,1,0,1,0,0,2,0.51,L
D04_08BF55_136,mh,co,co,1,1,1,0,0,1,0.21,N
D04_08BF55_140,ok,co,co,1,0,1,0,0,2,0.61,L
D11_21BM60_56,sì sì,co,co,0,0,2,1,1,2,0.41,SR
D04_08BF55_142,ah,co,co,1,1,1,0,0,1,0.32,N
D12_23LM30_8,ah ok,co,co,1,2,2,1,0,3,0.77,NL
D04_08BF55_146,sì,co,co,1,0,1,0,0,1,0.42,S
D04_08BF55_148,ah,co,co,1,1,1,0,0,1,0.32,N
D04_08BF55_164,eh,co,co,1,1,1,0,0,1,0.17,N
D12_23LM30_24,ah ok,co,co,1,2,2,1,0,3,0.62,NL
D04_08BF55_170,ah,co,co,1,1,1,0,0,1,0.16,N
D04_08BF55_190,sì,co,co,1,0,1,0,0,1,0.46,S
D12_23LM30_62,eh beh,co,co,1,1,2,1,0,2,0.37,NN
D04_08BF55_192,sì,co,co,1,0,1,0,0,1,0.31,S
D04_08BF55_196,ah,co,co,1,1,1,0,0,1,0.17,N
D04_08BF55_200,sì,co,co,1,0,1,0,0,1,0.3,S
D04_08BF55_210,ah,co,co,0,1,1,0,0,1,0.25,N
D05_09BF52_12,mhmh,co,co,1,1,1,0,0,2,0.37,N
D12_24LF27_34,ah ho capito,co,co,1,2,2,1,0,5,1.21,NL
D05_09BF52_18,mh,co,co,1,1,1,0,0,1,0.24,N
D12_24LF27_80,eh dai,co,co,1,2,2,1,0,2,0.32,NS
D05_09BF52_24,mh,co,co,0,1,1,0,0,1,0.12,N
D05_09BF52_42,mh,co,co,0,1,1,0,0,1,0.75,N
D05_09BF52_44,mh,co,co,0,1,1,0,0,1,0.14,N
D13_25LF23_4,ok,co,co,1,0,2,1,0,2,0.88,LS
D05_09BF52_46,mh,co,co,1,1,1,0,0,1,0.2,N
D13_25LF23_18,ah ok almeno,co,co,1,2,3,1,0,6,0.61,NLL
D13_25LF23_70,sì sì sì sì sì sì,co,co,1,0,6,1,1,6,1.44,SRRRRR
D13_26BF24_16,eh beh ovviamente,co,co,1,2,3,1,0,6,1.19,NNL
D05_09BF52_58,mh,co,co,0,1,1,0,0,1,0.17,N
D05_09BF52_70,mh,co,co,1,1,1,0,0,1,0.39,N
D05_09BF52_72,mh,co,co,0,1,1,0,0,1,0.22,N
D05_10BF52_2,mh,co,co,0,1,1,0,0,1,0.2,N
D05_10BF52_4,sì,co,co,0,0,1,0,0,1,0.24,S
D05_10BF52_14,mh,co,co,0,1,1,0,0,1,0.22,N
D05_10BF52_18,mh,co,co,0,1,1,0,0,1,0.23,N
D05_10BF52_24,mh,co,co,1,1,1,0,0,1,0.15,N
D05_10BF52_30,mh,co,co,1,1,1,0,0,1,0.24,N
D15_29BF21_4,eh beh,co,co,1,1,2,1,0,2,0.37,NN
D05_10BF52_32,mh,co,co,0,1,1,0,0,1,0.2,N
D15_29BF21_26,ah ok,co,co,1,2,2,1,0,3,0.66,NL
D05_10BF52_34,mh,co,co,0,1,1,0,0,1,0.21,N
D05_10BF52_48,mh,co,co,0,1,1,0,0,1,0.24,N
D05_10BF52_50,mh,co,co,1,1,1,0,0,1,0.18,N
D15_29BF21_34,ah ok,co,co,0,2,2,1,0,3,0.66,NL
D05_10BF52_56,mh,co,co,1,1,1,0,0,1,0.24,N
D05_10BF52_58,mh,co,co,0,1,1,0,0,1,0.18,N
D05_10BF52_60,mh,co,co,0,1,1,0,0,1,0.22,N
D05_10BF52_62,mh,co,co,1,1,1,0,0,1,0.17,N
D15_29BF21_78,ah ok,co,co,1,2,2,1,0,3,0.6,NL
D15_29BF21_112,eh beh certo,co,co,1,2,3,1,0,4,0.8,NNL
D05_10BF52_64,mh,co,co,0,1,1,0,0,1,0.1,N
D05_10BF52_84,eh,co,co,1,1,1,0,0,1,0.16,N
D15_29BF21_116,ah sì,co,co,1,2,2,1,0,2,0.58,NS
D05_10BF52_86,sì,co,co,0,0,1,0,0,1,0.22,S
D05_10BF52_94,mh,co,co,1,1,1,0,0,1,0.15,N
D06_11LF28_18,ah,co,co,0,1,1,0,0,1,0.38,N
D01_01BF47_32,no infatti,ag,co,1,0,2,1,0,4,1.43,SL
D06_11LF28_32,mh,co,co,0,1,1,0,0,1,0.26,N
D06_11LF28_38,eh,co,co,1,1,1,0,0,1,0.12,N
D01_01BF47_46,eh sì,ag,co,1,2,2,1,0,2,0.48,NS
D06_11LF28_52,ah,co,co,0,1,1,0,0,1,0.35,N
D06_11LF28_54,ah,co,co,0,1,1,0,0,1,0.3,N
D01_02BF47_98,eh sì,ag,co,1,2,2,1,0,2,0.52,NS
D01_02BF47_152,sì infatti,ag,co,1,0,2,1,0,4,1,SL
D06_11LF28_56,mh,co,co,1,1,1,0,0,1,0.27,N
D06_11LF28_64,eh,co,co,1,1,1,0,0,1,0.69,N
D06_11LF28_72,sì,co,co,0,0,1,0,0,1,0.15,S
D06_12LF30_2,mhmh,co,co,1,1,1,0,0,2,0.33,N
D06_12LF30_4,certo,co,co,1,0,1,0,0,2,0.45,L
D06_12LF30_6,mhmh,co,co,1,1,1,0,0,2,0.37,N
D06_12LF30_10,sì,co,co,1,0,1,0,0,1,0.22,S
D06_12LF30_12,eh,co,co,1,1,1,0,0,1,0.2,N
D06_12LF30_14,ah,co,co,1,1,1,0,0,1,0.17,N
D06_12LF30_20,mhmh,co,co,1,1,1,0,0,2,0.38,N
D01_02BF47_162,eh sì,ag,co,0,2,2,1,0,2,0.47,NS
D06_12LF30_30,mhmh,co,co,1,1,1,0,0,2,0.41,N
D06_12LF30_34,mhmh,co,co,1,1,1,0,0,2,0.32,N
D06_12LF30_36,ok,co,co,1,0,1,0,0,2,0.6,L
D06_12LF30_40,ah,co,co,0,1,1,0,0,1,0.21,N
D06_12LF30_48,eh,co,co,1,1,1,0,0,1,0.24,N
D06_12LF30_50,ok,co,co,0,0,1,0,0,2,0.49,L
D06_12LF30_52,eh,co,co,0,1,1,0,0,1,0.14,N
D06_12LF30_56,eh,co,co,1,1,1,0,0,1,0.17,N
D06_12LF30_58,infatti,co,co,1,0,1,0,0,3,0.5,L
D01_02BF47_166,sì sì sì sì infatti,ag,co,1,0,5,1,1,9,1.47,SRRRL
D06_12LF30_60,eh,co,co,0,1,1,0,0,1,0.22,N
D01_02BF47_210,eh sì,ag,co,0,2,2,1,0,2,0.42,NS
D01_02BF47_216,eh sì,ag,co,1,2,2,1,0,2,0.52,NS
D08_15BM22_2,mhmh,co,co,0,1,1,0,0,2,0.28,N
D08_15BM22_4,ok,co,co,1,0,1,0,0,2,0.38,L
D02_03BM59_12,sì sì,ag,co,1,0,2,1,1,2,0.44,SR
D08_15BM22_6,ahah,co,co,0,1,1,0,0,2,0.29,N
D08_15BM22_12,ahah,co,co,1,1,1,0,0,2,0.41,N
D02_03BM59_28,sì beh certo quello,ag,co,1,2,3,1,0,6,1.27,SNL
D02_03BM59_44,sì sì,ag,co,1,0,2,1,1,2,0.53,SR
D08_15BM22_14,mhmh,co,co,0,1,1,0,0,2,0.27,N
D08_15BM22_16,mhmh,co,co,0,1,1,0,0,2,0.25,N
D08_15BM22_18,mh,co,co,1,1,1,0,0,1,0.17,N
D08_15BM22_20,mhmh,co,co,1,1,1,0,0,2,0.29,N
D02_03BM59_124,sì sì,ag,co,1,0,2,1,1,2,0.46,SR
D02_04BM56_6,ah sì sì,ag,co,1,2,3,1,1,3,0.81,NSR
D02_04BM56_8,sì sì,ag,co,1,0,2,1,1,2,0.5,SR
D08_15BM22_22,ok,co,co,1,0,1,0,0,2,0.39,L
D02_04BM56_10,sì sì,ag,co,1,0,2,1,1,2,0.33,SR
D02_04BM56_14,sì sì no infatti,ag,co,1,0,2,1,1,6,1.04,SR
D02_04BM56_16,ah sì eh,ag,co,1,2,3,1,0,3,0.83,NSN
D02_04BM56_24,no no,ag,co,1,0,2,1,1,2,0.3,SR
D08_15BM22_26,mhmh,co,co,1,1,1,0,0,2,0.28,N
D02_04BM56_38,no no è vero,ag,co,1,0,3,1,1,5,0.67,SRL
D02_04BM56_48,eh beh certo,ag,co,1,2,3,1,0,4,0.66,NNL
D08_15BM22_28,mhmh,co,co,1,1,1,0,0,2,0.27,N
D02_04BM56_56,sì sì,ag,co,1,0,2,1,1,2,0.3,SR
D02_04BM56_58,sì sì,ag,co,1,0,2,1,1,2,0.29,SR
D02_04BM56_64,sì sì sì,ag,co,0,0,3,1,1,3,0.64,SRR
D02_04BM56_72,eh beh certo,ag,co,1,2,3,1,0,4,0.86,NNL
D08_15BM22_32,mhmh,co,co,1,1,1,0,0,2,0.25,N
D02_04BM56_74,sì sì,ag,co,0,0,2,1,1,2,0.9,SR
D08_15BM22_38,eh,co,co,1,1,1,0,0,1,0.23,N
D02_04BM56_76,sì sì,ag,co,1,0,2,1,1,2,0.59,SR
D08_15BM22_40,mh,co,co,1,1,1,0,0,1,0.19,N
D02_04BM56_92,eh sì certo,ag,co,1,2,3,1,1,4,1.78,NRL
D08_15BM22_44,mhmh,co,co,0,1,1,0,0,2,0.32,N
D08_15BM22_46,eh,co,co,1,1,1,0,0,1,0.26,N
D02_04BM56_94,sì sì,ag,co,0,0,2,1,1,2,0.48,SR
D08_15BM22_52,eh no ovvio,co,co,1,1,1,0,0,1,0.6,N
D02_04BM56_116,no cioè,ag,co,1,0,2,1,0,3,0.83,SL
D08_15BM22_58,ah,co,co,1,1,1,0,0,1,0.2,N
D08_15BM22_60,eh,co,co,1,1,1,0,0,1,0.24,N
D08_15BM22_62,eh,co,co,1,1,1,0,0,1,0.32,N
D08_15BM22_72,mh,co,co,1,1,1,0,0,1,0.22,N
D08_15BM22_82,eh,co,co,1,1,1,0,0,1,0.17,N
D08_15BM22_86,mhmh,co,co,1,1,1,0,0,2,0.28,N
D08_15BM22_88,ok,co,co,1,0,1,0,0,2,0.37,L
D08_15BM22_92,mh,co,co,1,1,1,0,0,1,0.23,N
D08_15BM22_98,ah,co,co,1,1,1,0,0,1,0.22,N
D08_15BM22_102,mhmh,co,co,0,1,1,0,0,2,0.31,N
D08_15BM22_106,mhmh,co,co,0,1,1,0,0,2,0.35,N
D02_04BM56_132,sì sì sì,ag,co,1,0,3,1,1,3,0.54,SRR
D08_15BM22_110,mh,co,co,0,1,1,0,0,1,0.22,N
D08_15BM22_112,eh,co,co,1,1,1,0,0,1,0.28,N
D02_04BM56_138,eh certo,ag,co,1,2,2,1,0,3,0.83,NL
D08_15BM22_116,eh,co,co,1,1,1,0,0,1,0.23,N
D08_15BM22_120,mh,co,co,1,1,1,0,0,1,0.14,N
D08_16BF22_6,mh,co,co,1,1,1,0,0,1,0.53,N
D08_16BF22_8,mh,co,co,0,1,1,0,0,1,0.21,N
D08_16BF22_16,mhmh,co,co,1,1,1,0,0,2,0.55,N
D08_16BF22_18,mh,co,co,0,1,1,0,0,1,0.14,N
D02_04BM56_170,no no certo no,ag,co,1,2,4,1,1,5,1.36,NRLS
D02_04BM56_178,sì sì sì,ag,co,1,0,3,1,1,3,1.26,SRR
D02_04BM56_188,sì sì sì,ag,co,1,0,3,1,1,3,0.67,SRR
D02_04BM56_190,sì sì,ag,co,1,0,2,1,1,2,0.39,SR
D02_04BM56_194,sì sì sì sì,ag,co,1,0,4,1,1,4,0.88,SRRR
D02_04BM56_212,sì sì sì,ag,co,1,0,3,1,1,3,0.65,SRR
D08_16BF22_24,mh,co,co,1,1,1,0,0,1,0.21,N
D02_04BM56_220,sì sì,ag,co,1,0,2,1,1,2,0.56,SR
D02_04BM56_226,sì sì,ag,co,1,0,2,1,1,2,0.36,SR
D08_16BF22_34,ok,co,co,0,0,1,0,0,2,0.51,L
D02_04BM56_230,no no,ag,co,1,0,2,1,1,2,0.41,SR
D02_04BM56_254,eh beh certo certo certo sì,ag,co,1,2,4,1,0,9,2.37,NNLL
D08_16BF22_38,mh,co,co,0,1,1,0,0,1,0.14,N
D02_04BM56_260,no no,ag,co,1,0,2,1,1,2,0.42,SR
D08_16BF22_42,mhmh,co,co,0,1,1,0,0,2,0.19,N
D08_16BF22_44,mhmh,co,co,1,1,1,0,0,2,0.28,N
D02_04BM56_274,sì sì,ag,co,0,0,2,1,1,2,0.33,SR
D08_16BF22_46,mhmh,co,co,1,1,1,0,0,2,0.31,N
D08_16BF22_50,eh,co,co,0,1,1,0,0,1,0.17,N
D08_16BF22_54,eh,co,co,1,1,1,0,0,1,0.2,N
D08_16BF22_58,mh,co,co,0,1,1,0,0,1,0.18,N
D02_04BM56_278,sì beh certo,ag,co,1,2,3,1,0,4,0.74,SNL
D04_07BF55_46,eh sì,ag,co,1,2,2,1,0,2,0.33,NS
D04_07BF55_50,sì sì,ag,co,0,0,2,1,1,2,0.68,SR
D04_07BF55_76,eh sì,ag,co,1,2,2,1,0,2,0.45,NS
D08_16BF22_60,mh,co,co,0,1,1,0,0,1,0.17,N
D08_16BF22_68,mh,co,co,0,1,1,0,0,1,0.21,N
D04_07BF55_146,ah beh certo,ag,co,1,2,3,1,0,4,0.77,NNL
D08_16BF22_76,ok,co,co,1,0,1,0,0,2,0.45,L
D08_16BF22_78,ok,co,co,0,0,1,0,0,2,0.35,L
D04_07BF55_152,sì sì,ag,co,1,0,2,1,1,2,0.44,SR
D04_08BF55_4,sì sì,ag,co,1,0,2,1,1,2,0.53,SR
D04_08BF55_18,sì sì sì sì sì certo,ag,co,1,0,6,1,1,7,1.44,SRRRRL
D04_08BF55_24,sì sì infatti infatti infatti,ag,co,1,0,5,1,1,11,2.2,SRLRR
D04_08BF55_58,sì sì,ag,co,1,0,2,1,1,2,0.61,SR
D04_08BF55_118,ah no no,ag,co,1,2,3,1,1,3,0.68,NSR
D08_16BF22_80,mhmh,co,co,0,1,1,0,0,2,0.3,N
D08_16BF22_84,mh,co,co,0,1,1,0,0,1,0.33,N
D04_08BF55_120,ah sì è vero,ag,co,1,2,3,1,0,5,1.12,NSL
D08_16BF22_86,sì,co,co,0,0,1,0,0,1,0.26,S
D08_16BF22_96,ahah,co,co,1,1,1,0,0,2,0.32,N
D08_16BF22_98,mhmh,co,co,0,1,1,0,0,2,0.24,N
D04_08BF55_122,è vero è vero è vero è vero è vero,ag,co,1,0,5,1,1,15,1.69,LRRRR
D08_16BF22_100,ok,co,co,0,0,1,0,0,2,0.34,L
D04_08BF55_126,no no no per carità,ag,co,1,0,4,1,1,7,1.5,SRRL
D04_08BF55_134,sì sì,ag,co,1,0,2,1,1,2,0.44,SR
D04_08BF55_144,no no no no no no no certo,ag,co,1,0,8,1,1,9,1.89,SRRRRRRL
D04_08BF55_154,esatto esatto,ag,co,1,0,2,1,1,6,1.22,LR
D08_16BF22_106,ok,co,co,1,0,1,0,0,2,0.54,L
D04_08BF55_156,ah beh,ag,co,1,1,2,1,0,2,0.37,NN
D08_16BF22_108,mh,co,co,0,1,1,0,0,1,0.23,N
D08_16BF22_116,mh,co,co,1,1,1,0,0,1,0.29,N
D08_16BF22_118,ok,co,co,1,0,1,0,0,2,0.38,L
D04_08BF55_160,sì esatto,ag,co,1,0,2,1,0,4,0.99,SL
D08_16BF22_120,ok,co,co,0,0,1,0,0,2,0.24,L
D04_08BF55_208,eh sì,ag,co,1,2,2,1,0,2,0.46,NS
D08_16BF22_124,mh,co,co,1,1,1,0,0,1,0.13,N
D08_16BF22_128,mhmh,co,co,0,1,1,0,0,2,0.34,N
D04_08BF55_212,sì sì,ag,co,1,0,2,1,1,2,0.5,SR
D04_08BF55_224,eh certo,ag,co,1,2,2,1,0,3,0.61,NL
D08_16BF22_132,ahah,co,co,1,1,1,0,0,2,0.44,N
D04_08BF55_238,eh beh infatti,ag,co,1,2,3,1,0,5,0.85,NNL
D04_08BF55_250,sì esatto esatto,ag,co,1,0,3,1,1,7,1.84,SLR
D08_16BF22_142,mhmh,co,co,1,1,1,0,0,2,0.46,N
D05_09BF52_8,sì sì sì,ag,co,1,0,3,1,1,3,0.76,SRR
D05_09BF52_16,sì sì,ag,co,1,0,2,1,1,2,0.36,SR
D05_09BF52_18,sì sì sì,ag,co,1,0,3,1,1,3,0.54,SRR
D08_16BF22_158,mhmh,co,co,1,1,1,0,0,2,0.36,N
D08_16BF22_160,ahah,co,co,0,1,1,0,0,2,0.24,N
D05_09BF52_28,sì sì,ag,co,0,0,2,1,1,2,0.42,SR
D05_09BF52_46,eh sì sì,ag,co,1,2,3,1,1,3,1.42,NSR
D05_09BF52_62,ah sì sì sì sì sì,ag,co,1,2,6,1,1,6,1.93,NSRRRR
D08_16BF22_162,ok,co,co,0,0,1,0,0,2,0.23,L
D08_16BF22_164,ok,co,co,1,0,1,0,0,2,0.46,L
D05_09BF52_64,sì sì sì sì sì sì sì sì,ag,co,1,0,8,1,1,8,1.47,SRRRRRRR
D08_16BF22_166,ok,co,co,1,0,1,0,0,2,0.33,L
D05_09BF52_76,eh sì sì,ag,co,1,2,3,1,1,3,1.16,NSR
D08_16BF22_170,ok,co,co,1,0,1,0,0,2,0.33,L
D11_21BM60_4,mhmh,co,co,1,1,1,0,0,2,0.31,N
D11_21BM60_8,mh,co,co,1,1,1,0,0,1,0.25,N
D11_21BM60_14,ah,co,co,1,1,1,0,0,1,0.15,N
D05_10BF52_20,eh ovvio,ag,co,1,2,2,1,0,3,0.61,NL
D11_21BM60_18,mhmh,co,co,1,1,1,0,0,2,0.66,N
D11_21BM60_20,mh,co,co,0,1,1,0,0,1,0.25,N
D05_10BF52_44,sì sì,ag,co,1,0,2,1,1,2,0.67,SR
D11_21BM60_22,mhmh,co,co,1,1,1,0,0,2,0.33,N
D11_21BM60_40,mh,co,co,1,1,1,0,0,1,0.25,N
D11_21BM60_62,mhmh,co,co,1,1,1,0,0,2,0.62,N
D05_10BF52_70,eh beh sì,ag,co,0,2,3,1,0,3,0.65,NNS
D05_10BF52_74,eh beh sì,ag,co,1,2,3,1,0,3,0.53,NNS
D11_21BM60_64,sì,co,co,1,0,1,0,0,1,0.33,S
D11_22BM51_2,sì,co,co,1,0,1,0,0,1,0.23,S
D11_22BM51_8,mh,co,co,1,1,1,0,0,1,0.18,N
D12_23LM30_4,sì,co,co,1,0,1,0,0,1,0.27,S
D05_10BF52_80,eh sì,ag,co,0,2,2,1,0,2,0.37,NS
D05_10BF52_88,sì sì sì,ag,co,1,0,3,1,1,3,1.24,SRR
D12_23LM30_6,sì,co,co,0,0,1,0,0,1,0.28,S
D06_11LF28_4,eh sì,ag,co,0,2,2,1,0,2,0.49,NS
D12_23LM30_14,sì,co,co,1,0,1,0,0,1,0.29,S
D12_23LM30_28,ah,co,co,1,1,1,0,0,1,0.6,N
D06_11LF28_22,eh sì,ag,co,1,2,2,1,0,2,0.48,NS
D06_11LF28_68,ah beh per forza,ag,co,1,2,3,1,0,5,0.93,NNL
D06_12LF30_24,sì sì,ag,co,1,0,2,1,1,2,0.56,SR
D12_23LM30_34,ok,co,co,1,0,1,0,0,2,0.44,L
D12_23LM30_36,sì,co,co,1,0,1,0,0,1,0.29,S
D12_23LM30_38,sì,co,co,0,0,1,0,0,1,0.26,S
D12_23LM30_40,ok,co,co,0,0,1,0,0,2,0.44,L
D06_12LF30_26,ah no beh,ag,co,1,2,3,1,0,3,0.59,NSN
D12_23LM30_42,sì,co,co,0,0,1,0,0,1,0.37,S
D12_23LM30_50,sì,co,co,1,0,1,0,0,1,0.23,S
D12_23LM30_52,ok,co,co,0,0,1,0,0,2,0.42,L
D08_15BM22_30,no no ovvio,ag,co,1,0,3,1,1,4,0.6,SRL
D12_23LM30_66,ah,co,co,1,1,1,0,0,1,0.56,N
D12_24LF27_2,eh,co,co,1,1,1,0,0,1,0.18,N
D12_24LF27_4,mh,co,co,1,1,1,0,0,1,0.09,N
D12_24LF27_10,mhmh,co,co,1,1,1,0,0,2,0.4,N
D12_24LF27_14,mh,co,co,0,1,1,0,0,1,0.16,N
D12_24LF27_16,mhmh,co,co,1,1,1,0,0,2,0.41,N
D12_24LF27_20,mhmh,co,co,0,1,1,0,0,2,0.26,N
D12_24LF27_22,mh,co,co,1,1,1,0,0,1,0.12,N
D12_24LF27_26,mhmh,co,co,1,1,1,0,0,2,0.33,N
D12_24LF27_28,mhmh,co,co,1,1,1,0,0,2,0.24,N
D12_24LF27_30,ah,co,co,1,1,1,0,0,1,0.2,N
D08_15BM22_54,eh no no ovvio,ag,co,1,2,4,1,1,5,0.75,NSRL
D12_24LF27_44,ah,co,co,1,1,1,0,0,1,0.31,N
D12_24LF27_46,mhmh,co,co,1,1,1,0,0,2,0.36,N
D12_24LF27_48,mh,co,co,0,1,1,0,0,1,0.2,N
D12_24LF27_50,mh,co,co,1,1,1,0,0,1,0.29,N
D12_24LF27_52,mhmh,co,co,0,1,1,0,0,2,0.09,N
D12_24LF27_56,mhmh,co,co,0,1,1,0,0,2,0.34,N
D12_24LF27_58,mh,co,co,1,1,1,0,0,1,0.24,N
D12_24LF27_60,mhmh,co,co,1,1,1,0,0,2,0.23,N
D12_24LF27_62,mh,co,co,0,1,1,0,0,1,0.18,N
D12_24LF27_66,eh,co,co,1,1,1,0,0,1,0.2,N
D12_24LF27_70,mh,co,co,1,1,1,0,0,1,0.16,N
D12_24LF27_72,mh,co,co,0,1,1,0,0,1,0.3,N
D08_16BF22_26,eh sì,ag,co,1,2,2,1,0,2,0.37,NS
D12_24LF27_74,mh,co,co,0,1,1,0,0,1,0.15,N
D08_16BF22_66,sì va beh,ag,co,1,0,2,1,0,3,0.54,SL
D12_24LF27_76,eh,co,co,1,1,1,0,0,1,0.23,N
D12_24LF27_78,mh,co,co,0,1,1,0,0,1,0.23,N
D08_16BF22_70,mh è vero,ag,co,1,2,2,1,0,4,0.76,NL
D08_16BF22_134,eh sì,ag,co,1,2,2,1,0,2,0.33,NS
D13_25LF23_6,sì,co,co,0,0,1,0,0,1,0.28,S
D13_25LF23_22,eh,co,co,1,1,1,0,0,1,0.22,N
D08_16BF22_136,eh certo,ag,co,1,2,2,1,0,3,0.59,NL
D13_25LF23_26,mhmh,co,co,1,1,1,0,0,2,0.38,N
D13_25LF23_36,mh,co,co,1,1,1,0,0,1,0.15,N
D13_25LF23_40,mh,co,co,1,1,1,0,0,1,0.19,N
D08_16BF22_146,certo certo,ag,co,1,2,3,1,1,4,0.88,NLR
D08_16BF22_154,eh certo,ag,co,1,2,2,1,0,3,0.57,NL
D11_21BM60_26,sì sì,ag,co,1,0,2,1,1,2,0.33,SR
D13_25LF23_42,capito,co,co,1,0,1,0,0,3,0.64,L
D13_25LF23_44,eh,co,co,1,1,1,0,0,1,0.31,N
D13_25LF23_50,mh,co,co,1,1,1,0,0,1,0.19,N
D13_25LF23_58,eh,co,co,1,1,1,0,0,1,0.28,N
D13_25LF23_66,ah,co,co,1,1,1,0,0,1,0.25,N
D11_21BM60_36,sì sì,ag,co,1,0,2,1,1,2,0.32,SR
D13_25LF23_68,sì,co,co,1,0,1,0,0,1,0.33,S
D11_21BM60_38,eh no,ag,co,0,2,2,1,0,2,0.24,NS
D13_25LF23_72,mhmh,co,co,1,1,1,0,0,2,0.37,N
D13_25LF23_74,ok,co,co,1,0,1,0,0,2,0.41,L
D11_21BM60_46,eh sì,ag,co,1,2,2,1,0,2,0.37,NS
D13_25LF23_84,eh,co,co,1,1,1,0,0,1,0.28,N
D11_21BM60_60,eh sì certo,ag,co,1,2,3,1,0,4,0.8,NSL
D13_25LF23_92,mh,co,co,1,1,1,0,0,1,0.29,N
D12_23LM30_20,ah sì,ag,co,0,2,2,1,0,2,0.47,NS
D13_25LF23_100,ok,co,co,0,0,1,0,0,2,0.52,L
D13_25LF23_104,mhmh,co,co,1,1,1,0,0,2,0.32,N
D12_23LM30_30,sì sì,ag,co,1,0,2,1,1,2,0.51,SR
D13_25LF23_106,mhmh,co,co,1,1,1,0,0,2,0.34,N
D13_25LF23_114,mhmh,co,co,1,1,1,0,0,2,0.3,N
D13_25LF23_116,mhmh,co,co,1,1,1,0,0,2,0.33,N
D12_23LM30_44,esatto ecco,ag,co,1,0,2,1,0,5,0.86,LL
D13_25LF23_118,ok,co,co,1,0,1,0,0,2,0.61,L
D13_25LF23_122,mh,co,co,1,1,1,0,0,1,0.12,N
D13_25LF23_124,mhmh,co,co,1,1,1,0,0,2,0.34,N
D13_25LF23_126,mh,co,co,1,1,1,0,0,1,0.28,N
D13_25LF23_136,eh,co,co,1,1,1,0,0,1,0.21,N
D13_25LF23_138,ah,co,co,1,1,1,0,0,1,0.16,N
D13_25LF23_140,ah,co,co,1,1,1,0,0,1,0.13,N
D13_25LF23_148,ah,co,co,0,1,1,0,0,1,0.2,N
D12_23LM30_46,esatto esatto,ag,co,1,0,2,1,1,6,0.77,LR
D13_25LF23_150,ok,co,co,1,0,1,0,0,2,0.46,L
D12_23LM30_56,ah vero,ag,co,1,2,2,1,0,3,0.49,NL
D13_25LF23_152,mhmh,co,co,1,1,1,0,0,2,0.36,N
D12_23LM30_64,sì sì sì,ag,co,1,0,3,1,1,3,0.58,SRR
D13_25LF23_156,ah,co,co,0,1,1,0,0,1,0.22,N
D13_25LF23_162,mh,co,co,1,1,1,0,0,1,0.2,N
D13_25LF23_164,eh,co,co,1,1,1,0,0,1,0.17,N
D13_25LF23_166,certo,co,co,1,0,1,0,0,2,0.64,L
D13_25LF23_168,vero ,co,co,1,0,1,0,0,2,0.69,L
D13_25LF23_180,mh,co,co,1,1,1,0,0,1,0.19,N
D13_25LF23_182,mhmh,co,co,1,1,1,0,0,2,0.29,N
D12_23LM30_68,ah è vero,ag,co,1,2,2,1,0,4,0.83,NL
D13_25LF23_186,mh,co,co,1,1,1,0,0,1,0.17,N
D13_26BF24_8,eh,co,co,0,1,1,0,0,1,0.17,N
D13_26BF24_10,ok,co,co,1,0,1,0,0,2,0.36,L
D13_25LF23_200,ah esatto,ag,co,0,2,2,1,0,4,0.99,NL
D13_26BF24_74,eh sì,ag,co,1,2,2,1,0,2,0.34,NS
D13_26BF24_14,ok,co,co,1,0,1,0,0,2,0.5,L
D13_26BF24_20,mhmh,co,co,1,1,1,0,0,2,0.23,N
D13_26BF24_86,eh quello sì,ag,co,0,2,3,1,0,4,0.46,NLS
D13_26BF24_22,eh,co,co,1,1,1,0,0,1,0.22,N
D13_26BF24_24,ok,co,co,1,0,1,0,0,2,0.51,L
D13_26BF24_26,mhmh,co,co,0,1,1,0,0,2,0.23,N
D13_26BF24_28,eh,co,co,1,1,1,0,0,1,0.14,N
D13_26BF24_32,ah,co,co,1,1,1,0,0,1,0.21,N
D13_26BF24_34,ok,co,co,0,0,1,0,0,2,0.47,L
D15_29BF21_14,eh sì,ag,co,1,2,2,1,0,2,0.42,NS
D13_26BF24_38,ahah,co,co,1,1,1,0,0,2,0.35,N
D13_26BF24_58,eh,co,co,1,1,1,0,0,1,0.18,N
D13_26BF24_60,eh,co,co,1,1,1,0,0,1,0.15,N
D15_29BF21_142,sì infatti,ag,co,1,0,2,1,0,4,0.8,SL
D13_26BF24_70,ah,co,co,0,1,1,0,0,1,0.11,N
D13_26BF24_88,mh,co,co,1,1,1,0,0,1,0.14,N
D13_26BF24_90,eh,co,co,0,1,1,0,0,1,0.18,N
D15_29BF21_154,e infatti,ag,co,1,0,2,1,0,4,0.73,CL
D13_26BF24_92,giusto,co,co,1,0,1,0,0,2,0.41,L
D13_26BF24_96,sì,co,co,0,0,1,0,0,1,0.28,S
D13_26BF24_98,immagino,co,co,1,0,1,0,0,4,0.49,L
D15_30BM23_40,sì sì,ag,co,1,0,2,1,1,2,0.4,SR
D13_26BF24_110,eh,co,co,0,1,1,0,0,1,0.14,N
D15_29BF21_2,eh,co,co,1,1,1,0,0,1,0.18,N
D15_29BF21_6,mh,co,co,0,1,1,0,0,1,0.24,N
D15_29BF21_8,mh,co,co,0,1,1,0,0,1,0.17,N
D15_29BF21_16,ok,co,co,0,0,1,0,0,2,0.38,L
D15_29BF21_22,mh,co,co,0,1,1,0,0,1,0.24,N
D15_29BF21_28,mh,co,co,0,1,1,0,0,1,0.21,N
D01_01BF47_28,no non so,as,co,0,0,2,1,0,3,0.67,SL
D15_29BF21_38,ok,co,co,1,0,1,0,0,2,0.65,L
D15_29BF21_40,mh,co,co,0,1,1,0,0,1,0.22,N
D02_04BM56_102,ahahah ah bravo eh,as,co,1,2,7,1,1,7,1.63,NRRRRLN
D15_29BF21_42,sì,co,co,0,0,1,0,0,1,0.38,S
D02_04BM56_150,eh sì,as,co,1,2,2,1,0,2,1.27,NL
D15_29BF21_46,ho capito,co,co,0,0,1,0,0,4,0.49,L
D15_29BF21_54,eh,co,co,1,1,1,0,0,1,0.12,N
D15_29BF21_56,ok,co,co,0,0,1,0,0,2,0.45,L
D15_29BF21_60,va beh,co,co,0,0,1,0,0,2,0.36,L
D15_29BF21_62,eh,co,co,1,1,1,0,0,1,0.15,N
D02_04BM56_152,sì no oddio,as,co,1,0,3,1,0,5,1.01,SSL
D15_29BF21_64,eh,co,co,1,1,1,0,0,1,0.17,N
D15_29BF21_66,certo,co,co,0,0,1,0,0,2,0.48,L
D02_04BM56_176,mah eh,as,is,1,1,2,1,0,2,1.22,NN
D04_07BF55_10,eh beh,as,is,1,1,2,1,0,2,0.31,NN
D15_29BF21_68,mh,co,co,1,1,1,0,0,1,0.44,N
D15_29BF21_70,eh,co,co,1,1,1,0,0,1,0.2,N
D15_29BF21_72,mh,co,co,1,1,1,0,0,1,0.49,N
D15_29BF21_76,ok,co,co,0,0,1,0,0,2,0.52,L
D04_08BF55_16,ah ok,as,co,1,2,2,1,0,3,0.99,NL
D15_29BF21_88,mhmh,co,co,0,1,1,0,0,2,0.28,N
D15_29BF21_92,ah,co,co,1,1,1,0,0,1,0.47,N
D04_08BF55_26,eh ho capito,as,co,1,2,2,1,0,5,0.86,NL
D15_29BF21_96,ecco,co,co,0,0,1,0,0,2,0.43,L
D04_08BF55_132,ma va ma va,as,co,1,0,2,1,1,4,1.78,LR
D15_29BF21_98,mh,co,co,1,1,1,0,0,1,0.26,N
D15_29BF21_100,ah,co,co,1,1,1,0,0,1,0.41,N
D15_29BF21_104,mh,co,co,1,1,1,0,0,1,0.26,N
D15_29BF21_110,mh,co,co,1,1,1,0,0,1,0.15,N
D15_29BF21_118,mh,co,co,0,1,1,0,0,1,0.2,N
D15_29BF21_122,sì,co,co,0,0,1,0,0,1,0.24,S
D05_09BF52_68,ah dai,as,co,1,2,2,1,0,2,0.88,NL
D05_10BF52_12,ma pensa,as,co,1,0,2,1,0,3,0.87,CL
D15_29BF21_124,mhmh,co,co,0,1,1,0,0,2,0.17,N
D15_29BF21_126,ecco,co,co,1,0,1,0,0,2,0.51,L
D15_29BF21_128,sì,co,co,0,0,1,0,0,1,0.25,S
D06_11LF28_70,ma va beh,as,co,1,0,2,1,0,3,0.8,CL
D15_29BF21_130,eh,co,co,0,1,1,0,0,1,0.16,N
D15_29BF21_132,mhmh,co,co,1,1,1,0,0,2,0.46,N
D15_29BF21_134,ho capito,co,co,0,0,1,0,0,4,0.86,L
D15_29BF21_140,ah,co,co,1,1,1,0,0,1,0.42,N
D15_29BF21_144,mh,co,co,1,1,1,0,0,1,0.25,N
D15_29BF21_150,mh,co,co,1,1,1,0,0,1,0.29,N
D15_29BF21_152,mh,co,co,1,1,1,0,0,1,0.28,N
D15_29BF21_160,mh,co,co,0,1,1,0,0,1,0.21,N
D15_29BF21_162,mh,co,co,0,1,1,0,0,1,0.22,N
D15_29BF21_168,mh,co,co,1,1,1,0,0,1,0.26,N
D06_12LF30_32,ah dai,as,co,1,2,2,1,0,2,1.42,NS
D15_29BF21_170,ah,co,co,1,1,1,0,0,1,0.28,N
D15_30BM23_10,mh,co,co,1,1,1,0,0,1,0.17,N
D15_30BM23_22,mh,co,co,1,1,1,0,0,1,0.27,N
D15_30BM23_36,mh,co,co,1,1,1,0,0,1,0.12,N
D06_12LF30_46,ma dai,as,is,0,0,2,1,0,2,0.5,CS
D15_30BM23_42,eh,co,co,0,1,1,0,0,1,0.16,N
D15_30BM23_46,ah,co,co,1,1,1,0,0,1,0.12,N
D08_16BF22_10,eh certo,as,co,1,2,2,1,0,3,0.59,NL
D01_01BF47_26,mh,ag,co,1,1,1,0,0,1,0.23,N
D08_16BF22_20,ah però,as,co,1,2,2,1,0,3,0.48,NL
D01_01BF47_36,mhmh,ag,co,1,1,1,0,0,2,0.39,N
D01_01BF47_38,no,ag,co,1,0,1,0,0,1,0.35,S
D01_01BF47_42,sì,ag,co,1,0,1,0,0,1,0.4,S
D08_16BF22_30,ah ma va,as,co,1,2,2,1,0,3,0.93,NL
D01_01BF47_48,sì,ag,co,1,0,1,0,0,1,0.26,S
D01_01BF47_50,sì,ag,co,1,0,1,0,0,1,0.28,S
D01_02BF47_172,eh,ag,co,0,1,1,0,0,1,0.13,N
D01_02BF47_200,esatto,ag,co,0,0,1,0,0,3,0.62,L
D01_02BF47_228,no,ag,co,1,0,1,0,0,1,0.25,S
D01_02BF47_236,esatto,ag,co,1,0,1,0,0,3,0.63,L
D01_02BF47_238,sì,ag,co,0,0,1,0,0,1,0.4,S
D08_16BF22_82,ah beh,as,co,1,1,2,1,0,2,0.58,NN
D01_02BF47_242,sì,ag,co,1,0,1,0,0,1,0.34,S
D01_02BF47_244,sì,ag,co,0,0,1,0,0,1,0.41,S
D01_02BF47_246,sì,ag,co,1,0,1,0,0,1,0.32,S
D01_02BF47_292,sì,ag,co,0,0,1,0,0,1,0.33,S
D11_22BM51_4,ah però,as,co,0,2,2,1,0,3,0.49,NL
D01_02BF47_294,sì,ag,co,1,0,1,0,0,1,0.4,S
D11_22BM51_6,ah però,as,co,0,2,2,1,0,3,0.48,NL
D01_02BF47_296,sì,ag,co,1,0,1,0,0,1,0.44,S
D02_03BM59_14,sì,ag,co,1,0,1,0,0,1,0.27,S
D02_03BM59_18,esatto,ag,co,1,0,1,0,0,3,0.59,L
D02_03BM59_20,sì,ag,co,1,0,1,0,0,1,0.28,S
D13_25LF23_14,e che cavolo,as,co,1,0,2,1,0,5,1.07,CL
D02_03BM59_42,sì,ag,co,1,0,1,0,0,1,0.25,S
D02_03BM59_46,sì,ag,co,1,0,1,0,0,1,0.28,S
D02_03BM59_48,sì,ag,co,1,0,1,0,0,1,0.35,S
D02_03BM59_52,sicuramente,ag,co,1,0,1,0,0,5,0.93,L
D02_03BM59_66,certo,ag,co,1,0,1,0,0,2,0.47,L
D02_03BM59_68,certo,ag,co,1,0,1,0,0,2,0.46,L
D02_03BM59_92,sì,ag,co,0,0,1,0,0,1,0.26,S
D02_03BM59_122,sì,ag,co,1,0,1,0,0,1,0.43,S
D02_04BM56_28,certo,ag,co,0,0,1,0,0,2,0.38,L
D02_04BM56_46,sì,ag,co,0,0,1,0,0,1,0.16,S
D02_04BM56_62,sì,ag,co,1,0,1,0,0,1,0.38,S
D02_04BM56_66,certo,ag,co,1,0,1,0,0,2,0.46,L
D02_04BM56_68,certo,ag,co,1,0,1,0,0,2,0.29,L
D02_04BM56_70,sì,ag,co,1,0,1,0,0,1,0.63,S
D02_04BM56_82,sì,ag,co,1,0,1,0,0,1,0.17,S
D02_04BM56_98,mhmh,ag,co,1,1,1,0,0,2,0.33,N
D02_04BM56_114,mhmh,ag,co,1,1,1,0,0,2,0.57,N
D02_04BM56_118,sì,ag,co,0,0,1,0,0,1,0.32,S
D02_04BM56_126,no,ag,co,0,0,1,0,0,1,0.18,S
D02_04BM56_140,sì,ag,co,0,0,1,0,0,1,0.15,S
D02_04BM56_210,sì,ag,co,0,0,1,0,0,1,0.24,S
D02_04BM56_228,certo,ag,co,0,0,1,0,0,2,0.48,L
D02_04BM56_236,sì,ag,co,0,0,1,0,0,1,0.21,S
D02_04BM56_240,certo,ag,co,0,0,1,0,0,2,0.38,L
D02_04BM56_270,certo,ag,co,1,0,1,0,0,2,0.5,L
D13_25LF23_184,eh beh direi,as,co,1,2,3,1,0,4,0.98,NNL
D13_26BF24_18,ah ma che bello,as,co,1,2,3,1,0,5,0.82,NCL
D13_26BF24_36,ah geniale,as,co,0,2,2,1,0,4,0.88,NL
D02_04BM56_272,sì,ag,co,0,0,1,0,0,1,0.48,S
D02_04BM56_280,sì,ag,co,0,0,1,0,0,1,0.24,S
D13_26BF24_48,ma sì,as,co,1,0,2,1,0,2,0.44,CS
D06_11LF28_16,ah sì,co,co,1,2,2,1,0,2,0.4,NS
D04_07BF55_14,chiaro,ag,co,0,0,1,0,0,2,0.14,L
D04_07BF55_48,sì,ag,co,1,0,1,0,0,1,0.23,S
D04_07BF55_54,eh,ag,co,1,1,1,0,0,1,0.16,N
D01_02BF47_12,sì sì,ag,is,0,0,2,1,1,2,0.42,SR
D04_07BF55_80,certo,ag,co,1,0,1,0,0,2,0.44,L
D04_07BF55_94,sì,ag,co,1,0,1,0,0,1,0.29,S
D04_07BF55_142,sì,ag,co,1,0,1,0,0,1,0.16,S
D04_08BF55_2,infatti,ag,co,1,0,1,0,0,3,0.67,L
D04_08BF55_56,ma infatti,ag,co,1,0,1,0,0,4,0.73,L
D04_08BF55_74,esatto,ag,co,1,0,1,0,0,3,0.85,L
D04_08BF55_76,sì,ag,co,1,0,1,0,0,1,0.46,S
D04_08BF55_88,eh,ag,co,1,1,1,0,0,1,0.22,N
D01_02BF47_66,eh infatti,ag,is,1,2,2,1,0,4,0.74,NL
D04_08BF55_90,sì,ag,co,1,0,1,0,0,1,0.42,S
D01_02BF47_282,sì esatto,ag,is,1,0,2,1,0,6,1.94,SL
D04_08BF55_124,sì,ag,co,1,0,1,0,0,1,0.41,S
D04_08BF55_162,no,ag,co,1,0,1,0,0,1,0.33,S
D04_08BF55_186,esatto,ag,co,1,0,1,0,0,3,0.67,L
D04_08BF55_214,certo,ag,co,1,0,1,0,0,2,0.6,L
D02_03BM59_60,sì però eh,ag,is,1,2,3,1,0,4,1.44,SLN
D04_08BF55_226,certo,ag,co,1,0,1,0,0,2,0.52,L
D04_08BF55_228,esatto,ag,co,1,0,1,0,0,3,0.58,L
D04_08BF55_236,esatto,ag,co,1,0,1,0,0,3,0.54,L
D04_08BF55_252,esatto,ag,co,0,0,1,0,0,3,0.6,L
D02_03BM59_70,sì sì questo è vero,ag,is,1,0,3,1,1,7,0.89,SRL
D02_03BM59_118,sì sì,ag,is,1,0,2,1,1,2,0.58,SR
D02_04BM56_26,no no,ag,is,1,0,2,1,1,2,0.25,SR
D05_09BF52_2,sì,ag,co,1,0,1,0,0,1,0.37,S
D02_04BM56_50,sì sì sì,ag,is,1,0,3,1,1,3,0.54,SRR
D02_04BM56_52,sì sì,ag,is,1,0,2,1,1,2,0.46,SR
D02_04BM56_80,sì sì,ag,is,1,0,2,1,1,2,0.54,SR
D05_09BF52_10,sì,ag,co,1,0,1,0,0,1,0.38,S
D05_09BF52_20,chiaro,ag,co,1,0,1,0,0,2,0.32,L
D02_04BM56_84,sì sì,ag,is,0,0,2,1,1,2,0.33,SR
D02_04BM56_88,sì sì,ag,is,1,0,2,1,1,2,0.43,SR
D02_04BM56_108,ah no,ag,is,1,2,2,1,0,2,0.18,NS
D05_09BF52_24,chiaro,ag,co,0,0,1,0,0,2,0.36,L
D02_04BM56_114,no no beh,ag,is,1,2,3,1,1,3,0.87,SRN
D02_04BM56_134,no no certo,ag,is,1,0,3,1,1,4,0.99,SRL
D02_04BM56_144,eh chiaro,ag,is,1,2,2,1,0,3,1.95,NL
D02_04BM56_158,sì sì,ag,is,1,0,2,1,1,2,0.58,SR
D02_04BM56_160,ah beh certo,ag,is,1,2,3,1,0,4,0.8,NNL
D05_09BF52_32,assolutamente,ag,co,0,0,1,0,0,6,1.02,L
D05_09BF52_34,mhmh,ag,co,1,1,1,0,0,2,0.41,N
D02_04BM56_166,mh eh beh è quello,ag,is,1,2,4,1,0,6,1.19,NNNL
D05_09BF52_50,mh,ag,co,0,1,1,0,0,1,0.19,N
D02_04BM56_172,sì sì,ag,is,1,0,2,1,1,2,0.42,SR
D02_04BM56_180,ah sì sì,ag,is,1,2,3,1,1,3,1.28,NSR
D05_10BF52_8,è vero,ag,co,1,0,1,0,0,3,0.48,L
D05_10BF52_22,ovvio,ag,co,1,0,1,0,0,2,0.36,L
D05_10BF52_28,sì,ag,co,1,0,1,0,0,1,0.33,S
D02_04BM56_192,no no no eh sì,ag,is,1,2,5,1,1,5,1.44,SRRNS
D05_10BF52_36,no,ag,co,0,0,1,0,0,1,0.19,L
D05_10BF52_38,sì,ag,co,1,0,1,0,0,1,0.33,S
D02_04BM56_222,sì sì,ag,is,1,0,2,1,1,2,0.43,SR
D05_10BF52_40,sì,ag,co,1,0,1,0,0,1,0.34,S
D05_10BF52_42,sì,ag,co,1,0,1,0,0,1,0.41,S
D05_10BF52_46,sì,ag,co,0,0,1,0,0,1,0.3,S
D05_10BF52_52,sì,ag,co,0,0,1,0,0,1,0.29,S
D02_04BM56_232,sì sì,ag,is,1,0,2,1,1,2,0.35,SR
D02_04BM56_238,ah beh certo,ag,is,1,2,3,1,0,4,0.91,NNL
D05_10BF52_54,sì,ag,co,0,0,1,0,0,1,0.36,S
D02_04BM56_248,ah va beh certo,ag,is,0,2,3,1,0,5,0.87,NNL
D05_10BF52_66,eh,ag,co,0,1,1,0,0,1,0.16,N
D05_10BF52_68,sì,ag,co,0,0,1,0,0,1,0.19,S
D02_04BM56_250,sì sì sì,ag,is,0,0,3,1,1,3,0.74,SRR
D05_10BF52_72,sì,ag,co,1,0,1,0,0,1,0.31,S
D05_10BF52_76,mh,ag,co,1,1,1,0,0,1,0.26,N
D05_10BF52_78,mh,ag,co,0,1,1,0,0,1,0.18,N
D05_10BF52_90,è vero,ag,co,1,0,1,0,0,11,0.49,L
D05_10BF52_92,certo,ag,co,0,0,1,0,0,2,0.53,L
D06_11LF28_6,sì,ag,co,1,0,1,0,0,1,0.4,S
D02_04BM56_252,sì eh beh,ag,is,1,2,3,1,0,3,0.45,SNN
D02_04BM56_256,sì sì,ag,is,1,0,2,1,1,2,0.36,SR
D06_11LF28_8,sì,ag,co,1,0,1,0,0,1,0.35,S
D06_11LF28_10,infatti,ag,co,1,0,1,0,0,3,0.68,L
D06_11LF28_16,sì,ag,co,1,0,1,0,0,1,0.28,S
D02_04BM56_262,sì sì,ag,is,0,0,2,1,1,2,0.41,SR
D06_11LF28_24,sì,ag,co,0,0,1,0,0,1,0.33,S
D02_04BM56_286,ah beh sì,ag,is,1,2,3,1,0,3,0.65,NNS
D04_07BF55_90,sì sì sì eh beh sì ,ag,is,1,2,6,1,1,6,1.77,SRRNNS
D04_08BF55_20,sì sì,ag,is,1,0,2,1,1,2,0.33,SR
D06_11LF28_26,sì,ag,co,1,0,1,0,0,1,0.41,S
D04_08BF55_28,no no no,ag,is,1,0,3,1,1,3,0.56,SRR
D06_11LF28_30,ecco,ag,co,0,0,1,0,0,2,0.49,L
D06_11LF28_62,sì,ag,co,1,0,1,0,0,1,0.3,S
D06_11LF28_64,sì,ag,co,1,0,1,0,0,1,0.24,S
D06_11LF28_70,eh,ag,co,0,1,1,0,0,1,0.28,N
D04_08BF55_34,sì sì,ag,is,1,0,2,1,1,2,0.42,SR
D08_15BM22_64,esatto,ag,co,1,0,1,0,0,3,0.62,L
D08_16BF22_64,sì,ag,co,0,0,1,0,0,1,0.29,S
D08_16BF22_92,eh,ag,co,0,1,1,0,0,1,0.11,N
D08_16BF22_94,mh,ag,co,1,1,1,0,0,1,0.17,N
D08_16BF22_140,certo,ag,co,0,0,1,0,0,2,0.46,L
D08_16BF22_150,ovvio,ag,co,1,0,1,0,0,2,0.4,L
D08_16BF22_152,certo,ag,co,1,0,1,0,0,2,0.4,L
D04_08BF55_50,sì sì,ag,is,1,0,2,1,1,2,0.36,SR
D11_22BM51_10,certo,ag,co,1,0,1,0,0,2,0.44,L
D11_22BM51_14,esatto,ag,co,1,0,1,0,0,3,0.46,L
D12_23LM30_32,è vero,ag,co,1,0,1,0,0,3,0.49,L
D12_23LM30_48,sì,ag,co,1,0,1,0,0,1,0.24,S
D04_08BF55_54,sì sì,ag,is,1,0,2,1,1,2,0.52,SR
D12_23LM30_58,sì,ag,co,0,0,1,0,0,1,0.27,S
D04_08BF55_114,no no no no,ag,is,1,0,4,1,1,4,0.75,SRRR
D04_08BF55_116,sì sì,ag,is,1,0,2,1,1,2,0.31,SR
D13_25LF23_90,certo,ag,co,1,0,1,0,0,2,0.51,L
D13_25LF23_96,sì,ag,co,0,0,1,0,0,1,0.17,S
D13_25LF23_98,sì,ag,co,1,0,1,0,0,1,0.19,S
D13_25LF23_202,esatto,ag,co,1,0,1,0,0,3,0.56,L
D13_26BF24_4,esatto,ag,co,1,0,1,0,0,3,0.61,L
D13_26BF24_12,giusto,ag,co,0,0,1,0,0,2,0.45,L
D04_08BF55_166,sì sì sì,ag,is,1,0,3,1,1,3,0.62,SRR
D13_26BF24_40,esatto,ag,co,1,0,1,0,0,3,0.67,L
D13_26BF24_42,esatto,ag,co,1,0,1,0,0,3,0.46,L
D13_26BF24_50,esatto,ag,co,0,0,1,0,0,3,0.57,L
D13_26BF24_52,esatto,ag,co,1,0,1,0,0,3,0.48,L
D13_26BF24_54,infatti,ag,co,0,0,1,0,0,3,0.57,L
D13_26BF24_76,eh,ag,co,1,1,1,0,0,1,0.06,N
D13_26BF24_100,infatti,ag,co,1,0,1,0,0,3,0.55,L
D13_26BF24_102,esatto,ag,co,1,0,1,0,0,3,0.56,L
D13_26BF24_108,esatto,ag,co,1,0,1,0,0,3,0.58,L
D15_29BF21_10,sì,ag,co,0,0,1,0,0,1,0.24,S
D15_29BF21_18,sì,ag,co,0,0,1,0,0,1,0.31,S
D15_29BF21_20,sì,ag,co,1,0,1,0,0,1,0.57,S
D04_08BF55_172,sì esatto,ag,is,1,0,2,1,0,4,1.12,SL
D15_29BF21_24,certo,ag,co,1,0,1,0,0,2,0.47,L
D04_08BF55_180,no no no no no,ag,is,1,0,5,1,1,5,1.54,SRRRR
D15_29BF21_36,perfetto,ag,co,0,0,1,0,0,3,0.78,L
D04_08BF55_206,sì sì no,ag,is,0,0,3,1,1,3,0.7,SRS
D15_29BF21_74,sì,ag,co,0,0,1,0,0,1,0.34,S
D15_29BF21_82,infatti,ag,co,1,0,1,0,0,6,0.65,L
D04_08BF55_246,no no,ag,is,1,0,2,1,1,2,0.3,SR
D05_09BF52_38,eh sì,ag,is,0,2,2,1,0,2,0.36,NS
D15_29BF21_84,no,ag,co,1,0,1,0,0,1,0.28,S
D15_29BF21_86,certo,ag,co,1,0,1,0,0,2,0.5,L
D15_29BF21_156,sì,ag,co,1,0,1,0,0,1,0.32,S
D05_09BF52_50,sì sì sì sì,ag,is,1,0,4,1,1,4,1.07,SRRR
D15_29BF21_164,sì,ag,co,0,0,1,0,0,1,0.29,S
D15_29BF21_166,sì,ag,co,0,0,1,0,0,1,0.22,S
D15_29BF21_178,sì,ag,co,0,0,1,0,0,1,0.28,S
D01_01BF47_16,ahm,as,co,1,1,1,0,0,1,0.41,N
D01_01BF47_22,no,as,co,0,0,1,0,0,1,0.41,S
D01_02BF47_2,sì,as,is,0,0,1,0,0,1,0.79,S
D01_02BF47_36,sì,as,is,0,0,1,0,0,1,0.44,S
D01_02BF47_182,mah,as,co,1,1,1,0,0,1,0.46,N
D05_09BF52_80,sì sì sì sì,ag,is,1,0,5,1,1,4,1.22,SRRRL
D02_04BM56_100,ah,as,co,1,0,1,0,0,1,0.27,S
D02_04BM56_148,certo,as,co,1,0,1,0,0,2,1.02,L
D04_07BF55_66,eh,as,co,1,1,1,0,0,1,0.92,N
D04_07BF55_74,eh,as,co,1,1,1,0,0,1,0.34,N
D04_07BF55_112,ah,as,co,0,1,1,0,0,1,0.14,N
D04_08BF55_150,eh,as,co,1,1,1,0,0,1,0.26,N
D04_08BF55_152,eh sì,as,co,1,1,1,0,0,2,0.36,N
D04_08BF55_184,eh,as,is,1,1,1,0,0,1,0.19,N
D04_08BF55_222,eh,as,co,1,1,1,0,0,1,0.52,N
D05_09BF52_60,mh,as,co,1,1,1,0,0,1,0.28,N
D05_09BF52_66,oddio,as,co,1,0,1,0,0,3,0.39,L
D05_10BF52_10,pensa,as,co,1,0,1,0,0,2,0.51,L
D06_11LF28_44,ah ok,as,co,1,1,1,0,0,3,0.96,N
D06_11LF28_50,mh,as,co,0,1,1,0,0,1,0.2,N
D06_12LF30_18,ahia,as,co,1,1,1,0,0,2,0.52,N
D06_12LF30_28,ah,as,is,0,1,1,0,0,1,0.37,N
D06_12LF30_38,bah ,as,co,1,1,1,0,0,1,1.15,N
D06_12LF30_42,ah,as,is,1,1,1,0,0,1,0.49,N
D06_12LF30_44,ma va,as,is,0,1,1,0,0,2,0.93,N
D08_15BM22_10,ah,as,co,1,1,1,0,0,1,0.38,N
D08_15BM22_90,ma va,as,co,0,0,1,0,0,2,0.42,L
D08_16BF22_12,mhmh,as,co,1,1,1,0,0,2,0.41,N
D08_16BF22_22,eh,as,co,1,1,1,0,0,1,0.18,N
D08_16BF22_28,ah,as,co,1,1,1,0,0,1,0.56,N
D08_16BF22_36,mh,as,co,1,1,1,0,0,1,0.16,N
D08_16BF22_48,ma va,as,co,1,0,1,0,0,2,0.31,L
D06_11LF28_74,sì sì,ag,is,0,0,2,1,1,2,0.46,SR
D08_16BF22_52,what,as,co,1,0,1,0,0,1,0.44,S
D08_16BF22_88,mh,as,co,1,1,1,0,0,1,0.32,N
D08_16BF22_102,dai,as,co,0,0,1,0,0,1,0.39,S
D08_16BF22_104,mh,as,co,1,1,1,0,0,1,0.44,N
D08_16BF22_110,ah,as,is,1,1,1,0,0,1,0.3,N
D08_15BM22_78,sì sì,ag,is,0,0,2,1,1,2,0.52,SR
D08_16BF22_112,ma va,as,co,1,0,1,0,0,2,0.56,L
D08_16BF22_114,ma dai,as,co,0,0,1,0,0,2,0.42,L
D08_16BF22_122,ma va,as,co,1,0,1,0,0,2,0.41,L
D08_16BF22_138,eh no,ag,is,0,2,2,1,0,2,0.27,NS
D08_16BF22_126,ma va,as,co,0,0,1,0,0,2,0.42,L
D11_21BM60_28,sì sì,ag,is,1,0,2,1,1,2,0.32,SR
D08_16BF22_156,mh,as,co,0,1,1,0,0,1,0.19,N
D08_16BF22_168,ma va,as,co,1,0,1,0,0,2,0.9,L
D11_21BM60_32,mah,as,co,1,1,1,0,0,1,0.31,N
D11_21BM60_50,mah,as,is,1,1,1,0,0,1,0.17,N
D12_23LM30_16,ah,as,co,1,1,1,0,0,1,0.18,N
D12_23LM30_22,ah,as,co,1,1,1,0,0,1,0.36,N
D11_21BM60_30,no ma certo,ag,is,1,0,3,1,0,4,0.63,SCL
D11_21BM60_34,eh certo,ag,is,0,2,2,1,0,3,0.92,NL
D12_23LM30_26,ah,as,co,1,1,1,0,0,1,0.72,N
D12_24LF27_42,ah,as,is,0,1,1,0,0,1,0.18,N
D13_25LF23_94,eh,as,co,1,1,1,0,0,1,0.27,N
D13_25LF23_112,dai,as,co,0,0,1,0,0,1,0.29,S
D13_25LF23_128,dai,as,co,1,0,1,0,0,1,0.43,S
D13_26BF24_68,ma va,as,co,1,0,1,0,0,2,0.31,L
D13_26BF24_72,beh,as,co,0,0,1,0,0,1,0.11,L
D11_21BM60_44,sì sì sì,ag,is,1,0,3,1,1,3,0.55,SRR
D13_26BF24_78,mh,as,co,1,1,1,0,0,1,0.48,N
D13_26BF24_80,ah,as,co,1,1,1,0,0,1,0.5,N
D13_26BF24_82,eheh,as,co,1,1,1,0,0,2,0.56,N
D11_21BM60_48,no no,ag,is,1,0,2,1,1,2,0.31,SR
D15_29BF21_94,ah,as,is,1,1,1,0,0,1,0.24,N
D15_29BF21_102,ah,as,co,0,1,1,0,0,1,0.21,N
D01_02BF47_72,ma dai,co,co,1,0,1,0,0,2,0.61,L
D01_02BF47_112,no,co,co,1,0,1,0,0,1,0.16,S
D08_15BM22_114,sì,co,co,1,0,1,0,0,1,0.29,S
D01_02BF47_226,sì,ag,is,1,0,1,0,0,1,0.4,S
D01_02BF47_284,esatto,ag,is,0,0,1,0,0,3,0.54,L
D01_02BF47_286,esatto,ag,is,1,0,1,0,0,3,0.51,L
D02_03BM59_2,sì,ag,is,1,0,1,0,0,1,0.19,S
D11_21BM60_52,sì sì sì sì,ag,is,1,0,4,1,1,4,0.65,SRRR
D02_03BM59_8,sì,ag,is,1,0,1,0,0,1,0.26,S
D02_03BM59_26,sì,ag,is,0,0,1,0,0,1,0.15,S
D02_03BM59_30,sì,ag,is,1,0,1,0,0,1,0.13,S
D02_03BM59_40,sì,ag,is,0,0,1,0,0,1,0.19,S
D11_21BM60_58,sì sì sì,ag,is,1,0,3,1,1,3,0.43,SRR
D02_03BM59_50,sì,ag,is,1,0,1,0,0,1,0.19,S
D02_03BM59_58,sì,ag,is,1,0,1,0,0,1,0.26,S
D02_03BM59_62,sì,ag,is,1,0,1,0,0,1,0.32,S
D02_03BM59_72,sì,ag,is,1,0,1,0,0,1,0.15,S
D02_03BM59_86,sì,ag,is,1,0,1,0,0,1,0.3,S
D02_03BM59_90,esatto,ag,is,1,0,1,0,0,3,0.46,L
D02_03BM59_94,sì ma,ag,is,1,0,1,0,0,2,0.14,S
D02_03BM59_96,certo,ag,is,1,0,1,0,0,2,0.25,L
D11_21BM60_66,sì sì,ag,is,0,0,2,1,1,2,0.37,SR
D02_03BM59_110,esatto,ag,is,1,0,1,0,0,3,0.5,L
D02_04BM56_12,sì,ag,is,0,0,1,0,0,1,0.15,S
D02_04BM56_30,sì,ag,is,1,0,1,0,0,1,0.35,S
D12_23LM30_2,ah è vero,ag,is,0,2,2,1,0,4,0.52,NL
D02_04BM56_36,sì,ag,is,1,0,1,0,0,1,0.14,S
D02_04BM56_40,è vero,ag,is,0,0,1,0,0,3,0.42,L
D02_04BM56_60,sì,ag,is,1,0,1,0,0,1,0.2,S
D02_04BM56_78,sì,ag,is,0,0,1,0,0,1,0.36,S
D12_23LM30_60,sì sì sì,ag,is,1,0,3,1,1,3,0.44,SRR
D02_04BM56_120,sì,ag,is,0,0,1,0,0,1,0.28,S
D02_04BM56_128,sì,ag,is,1,0,1,0,0,1,0.31,S
D02_04BM56_174,sì,ag,is,1,0,1,0,0,1,0.32,S
D02_04BM56_182,esatto,ag,is,1,0,1,0,0,3,0.52,L
D02_04BM56_244,sì,ag,is,1,1,1,0,0,1,0.2,N
D12_24LF27_8,sì sì,ag,is,1,0,2,1,1,2,0.27,SR
D02_04BM56_246,sì,ag,is,1,0,1,0,0,1,0.39,S
D02_04BM56_264,sì ecco,ag,is,0,0,1,0,0,3,0.53,S
D13_25LF23_170,sì sì sì sì sì sì sì,ag,is,1,0,7,1,1,7,1.8,SRRRRRR
D02_04BM56_266,sì,ag,is,1,1,1,0,0,1,0.21,N
D02_04BM56_282,sì,ag,is,1,0,1,0,0,1,0.15,S
D02_04BM56_284,sì ,ag,is,1,0,1,0,0,1,0.3,S
D02_04BM56_294,sì,ag,is,1,0,1,0,0,1,0.33,S
D04_07BF55_40,eh,ag,is,1,1,1,0,0,1,0.14,N
D04_07BF55_42,eh,ag,is,1,1,1,0,0,1,0.16,N
D04_07BF55_92,esatto,ag,is,1,0,1,0,0,3,0.53,L
D04_07BF55_108,sì,ag,is,1,0,1,0,0,1,0.24,S
D04_08BF55_60,no,ag,is,1,0,1,0,0,1,0.21,S
D04_08BF55_70,sì,ag,is,1,0,1,0,0,1,0.98,S
D15_30BM23_16,no no,ag,is,1,0,2,1,1,6,0.3,SR
D04_08BF55_78,sì,ag,is,0,0,1,0,0,1,0.31,S
D04_08BF55_80,sì,ag,is,1,1,1,0,0,1,0.32,N
D04_08BF55_82,sì,ag,is,1,0,1,0,0,1,0.2,S
D04_08BF55_86,sì,ag,is,1,0,1,0,0,1,0.13,S
D04_08BF55_216,esatto,ag,is,1,0,1,0,0,3,0.55,L
D04_08BF55_218,esatto,ag,is,1,0,1,0,0,3,0.49,L
D05_09BF52_56,no,ag,is,0,0,1,0,0,1,0.27,S
D05_10BF52_26,sì,ag,is,1,0,1,0,0,1,0.19,S
D06_11LF28_12,sì,ag,is,1,0,1,0,0,1,0.2,S
D15_30BM23_20,sì sì,ag,is,0,0,2,1,1,2,0.38,SR
D06_11LF28_38,sì,ag,is,0,0,1,0,0,1,0.26,S
D06_12LF30_8,sì,ag,is,0,0,1,0,0,1,0.16,S
D06_12LF30_22,sì,ag,is,1,0,1,0,0,1,0.33,S
D08_15BM22_36,esatto,ag,is,0,0,1,0,0,3,0.5,L
D08_15BM22_76,esatto,ag,is,0,0,1,0,0,3,0.38,L
D08_15BM22_80,esatto,ag,is,1,0,1,0,0,3,0.44,L
D08_15BM22_122,sì,ag,is,1,0,1,0,0,1,0.3,S
D08_16BF22_4,infatti,ag,is,1,0,1,0,0,3,0.61,L
D08_16BF22_62,sì,ag,is,1,0,1,0,0,1,0.6,S
D08_16BF22_148,certo,ag,is,1,0,1,0,0,2,0.49,L
D11_21BM60_10,sì,ag,is,0,0,1,0,0,1,0.17,S
D11_21BM60_24,sì,ag,is,0,0,1,0,0,1,0.24,S
D11_21BM60_42,sì,ag,is,1,0,1,0,0,1,0.19,S
D12_24LF27_18,no,ag,is,1,0,1,0,0,1,0.21,S
D12_24LF27_32,sì,ag,is,1,0,1,0,0,1,0.19,S
D12_24LF27_64,sì,ag,is,1,0,1,0,0,1,0.14,S
D15_30BM23_24,sì sì,ag,is,1,0,2,1,1,2,0.38,SR
D15_30BM23_68,sì sì,ag,is,1,0,2,1,1,2,0.3,SR
D13_26BF24_62,esatto,ag,is,0,0,1,0,0,3,0.47,L
D15_30BM23_70,sì sì,ag,is,0,0,2,1,1,2,0.3,SR
D15_29BF21_136,esatto,ag,is,1,0,1,0,0,3,0.59,L
D15_29BF21_148,sì,ag,is,0,0,1,0,0,1,0.45,S
D15_29BF21_176,no,ag,is,1,0,1,0,0,1,0.31,S
D15_30BM23_2,sì,ag,is,0,0,1,0,0,1,0.17,S
D15_30BM23_4,embeh,ag,is,0,1,1,0,0,2,0.58,N
D15_30BM23_6,sì,ag,is,1,0,1,0,0,1,0.21,S
D15_30BM23_28,sì,ag,is,1,0,1,0,0,1,0.31,S
D15_30BM23_32,sì,ag,is,1,0,1,0,0,1,0.23,S
D15_30BM23_34,sì,ag,is,1,0,1,0,0,1,0.22,S
D06_11LF28_26,ah dici,is,is,1,2,2,1,0,3,0.28,NL
D15_30BM23_38,sì,ag,is,1,0,1,0,0,1,0.24,S
D15_30BM23_48,sì,ag,is,1,0,1,0,0,1,0.34,S
D15_30BM23_50,sì,ag,is,1,0,1,0,0,1,0.2,S
D15_30BM23_52,sì,ag,is,0,0,1,0,0,1,0.16,S
D15_30BM23_56,sì,ag,is,1,0,1,0,0,1,0.23,S
D11_21BM60_6,ah sì,is,is,0,2,2,1,0,2,0.54,NS
D15_30BM23_58,sì,ag,is,1,0,1,0,0,1,0.14,S
D15_30BM23_60,sì,ag,is,1,0,1,0,0,1,0.16,S
D15_30BM23_62,sì,ag,is,0,0,1,0,0,1,0.11,S
D15_30BM23_64,sì,ag,is,1,0,1,0,0,1,0.26,S
D01_02BF47_102,ah,is,is,0,1,1,0,0,1,0.47,N
D01_02BF47_108,ah,is,is,0,1,1,0,0,1,0.23,N
D02_03BM59_36,mhmh,is,is,1,1,1,0,0,2,0.32,N
D12_23LM30_18,ah no,is,is,1,2,2,1,0,2,0.73,NS
D12_24LF27_24,ah ok,is,is,1,2,2,1,0,3,0.63,NL
D02_03BM59_120,sì,is,is,1,0,1,0,0,1,0.38,S
D02_04BM56_4,mh,is,is,1,1,1,0,0,1,0.18,N
D05_09BF52_28,mh,is,is,0,1,1,0,0,1,0.26,N
D08_15BM22_50,eh,is,is,0,1,1,0,0,1,0.14,N
D08_16BF22_130,mh,is,is,0,1,1,0,0,1,0.19,N
D11_21BM60_12,ah,is,is,0,1,1,0,0,1,0.18,N
D12_24LF27_38,sì sì sì,is,is,1,0,3,1,1,3,0.47,SRR
D12_23LM30_10,ah,is,is,0,1,1,0,0,1,0.14,N
D12_23LM30_12,ah,is,is,0,1,1,0,0,1,0.15,N
D12_24LF27_6,ah,is,is,0,1,1,0,0,1,0.09,N
D12_24LF27_40,sì sì,is,is,1,0,2,1,1,2,0.22,SR
D12_24LF27_54,sì sì,is,is,0,0,2,1,1,2,0.24,SR
D13_25LF23_32,ah ok,is,is,0,2,2,1,0,3,0.6,NL
D12_24LF27_36,sì,is,is,1,0,1,0,0,1,0.27,S
D15_29BF21_58,eh va beh,is,is,0,2,2,1,0,3,0.32,NL
D12_24LF27_68,mh,is,is,1,1,1,0,0,1,0.12,N
D13_25LF23_8,ah,is,is,1,1,1,0,0,1,0.49,N
D13_25LF23_28,ah,is,is,1,1,1,0,0,1,0.43,N
D13_26BF24_94,mh,is,is,1,1,1,0,0,1,0.23,N
D15_29BF21_12,ah,is,is,1,1,1,0,0,1,0.22,N
D15_29BF21_30,ah,is,is,1,1,1,0,0,1,0.35,N
D15_29BF21_48,eh,is,is,1,1,1,0,0,1,0.14,N
D15_29BF21_120,ah ok,is,is,0,2,2,1,0,3,0.38,NL
D15_29BF21_50,eh,is,is,0,1,1,0,0,1,0.07,N
D15_29BF21_52,ah,is,is,1,1,1,0,0,1,0.13,N
D15_29BF21_80,sì,is,is,1,0,1,0,0,1,0.23,S
D15_29BF21_90,ah,is,is,0,1,1,0,0,1,0.18,N
D15_29BF21_106,ah,is,is,0,1,1,0,0,1,0.14,N
D15_29BF21_108,ah,is,is,0,1,1,0,0,1,0.14,N
D15_29BF21_146,eh,is,is,0,1,1,0,0,1,0.3,N
D15_29BF21_180,sì,is,is,0,0,1,0,0,1,0.3,S
D15_30BM23_12,eh,is,is,1,1,1,0,0,1,0.14,N
D15_30BM23_14,sì,is,is,0,0,1,0,0,1,0.13,S
D15_30BM23_30,eh,is,is,1,1,1,0,0,1,0.08,N
D15_30BM23_54,eh,is,is,0,1,1,0,0,1,0.11,N
D15_30BM23_66,sì,is,is,0,0,1,0,0,1,0.1,S
D15_29BF21_174,ah in senso,is,is,1,2,2,1,0,4,0.76,NL
D15_30BM23_8,eh beh,is,is,1,1,2,1,0,2,0.24,NN
